Ticker,Company,Sector
AAPL,APPLE INC,Information Technology
MSFT,MICROSOFT CORP,Information Technology
AMZN,AMAZON COM INC,Consumer Discretionary
NVDA,NVIDIA CORP,Information Technology
GOOGL,ALPHABET INC CLASS A,Communication
GOOG,ALPHABET INC CLASS C,Communication
META,META PLATFORMS INC CLASS A,Communication
TSLA,TESLA INC,Consumer Discretionary
UNH,UNITEDHEALTH GROUP INC,Health Care
XOM,EXXON MOBIL CORP,Energy
JNJ,JOHNSON & JOHNSON,Health Care
JPM,JPMORGAN CHASE & CO,Financials
V,VISA INC CLASS A,Financials
PG,PROCTER & GAMBLE,Consumer Staples
LLY,ELI LILLY,Health Care
MA,MASTERCARD INC CLASS A,Financials
HD,HOME DEPOT INC,Consumer Discretionary
MRK,MERCK & CO INC,Health Care
AVGO,BROADCOM INC,Information Technology
CVX,CHEVRON CORP,Energy
ABBV,ABBVIE INC,Health Care
PEP,PEPSICO INC,Consumer Staples
KO,COCA-COLA,Consumer Staples
COST,COSTCO WHOLESALE CORP,Consumer Staples
PFE,PFIZER INC,Health Care
MCD,MCDONALDS CORP,Consumer Discretionary
CRM,SALESFORCE INC,Information Technology
WMT,WALMART INC,Consumer Staples
TMO,THERMO FISHER SCIENTIFIC INC,Health Care
CSCO,CISCO SYSTEMS INC,Information Technology
BAC,BANK OF AMERICA CORP,Financials
ABT,ABBOTT LABORATORIES,Health Care
ACN,ACCENTURE PLC CLASS A,Information Technology
LIN,LINDE PLC,Materials
AMD,ADVANCED MICRO DEVICES INC,Information Technology
CMCSA,COMCAST CORP CLASS A,Communication
ADBE,ADOBE INC,Information Technology
DIS,WALT DISNEY,Communication
NFLX,NETFLIX INC,Communication
ORCL,ORACLE CORP,Information Technology
WFC,WELLS FARGO,Financials
TXN,TEXAS INSTRUMENT INC,Information Technology
VZ,VERIZON COMMUNICATIONS INC,Communication
DHR,DANAHER CORP,Health Care
NEE,NEXTERA ENERGY INC,Utilities
PM,PHILIP MORRIS INTERNATIONAL INC,Consumer Staples
RTX,RAYTHEON TECHNOLOGIES CORP,Industrials
BMY,BRISTOL MYERS SQUIBB,Health Care
NKE,NIKE INC CLASS B,Consumer Discretionary
HON,HONEYWELL INTERNATIONAL INC,Industrials
INTU,INTUIT INC,Information Technology
COP,CONOCOPHILLIPS,Energy
INTC,INTEL CORPORATION CORP,Information Technology
UPS,UNITED PARCEL SERVICE INC CLASS B,Industrials
LOW,LOWES COMPANIES INC,Consumer Discretionary
SPGI,S&P GLOBAL INC,Financials
UNP,UNION PACIFIC CORP,Industrials
MDT,MEDTRONIC PLC,Health Care
AMGN,AMGEN INC,Health Care
SBUX,STARBUCKS CORP,Consumer Discretionary
T,AT&T INC,Communication
QCOM,QUALCOMM INC,Information Technology
IBM,INTERNATIONAL BUSINESS MACHINES CO,Information Technology
BA,BOEING,Industrials
PLD,PROLOGIS REIT INC,Real Estate
GE,GENERAL ELECTRIC,Industrials
CAT,CATERPILLAR INC,Industrials
ISRG,INTUITIVE SURGICAL INC,Health Care
GS,GOLDMAN SACHS GROUP INC,Financials
ELV,ELEVANCE HEALTH INC,Health Care
MS,MORGAN STANLEY,Financials
AMAT,APPLIED MATERIAL INC,Information Technology
BKNG,BOOKING HOLDINGS INC,Consumer Discretionary
NOW,SERVICENOW INC,Information Technology
LMT,LOCKHEED MARTIN CORP,Industrials
MDLZ,MONDELEZ INTERNATIONAL INC CLASS A,Consumer Staples
BLK,BLACKROCK INC,Financials
GILD,GILEAD SCIENCES INC,Health Care
DE,DEERE,Industrials
ADI,ANALOG DEVICES INC,Information Technology
SYK,STRYKER CORP,Health Care
AXP,AMERICAN EXPRESS,Financials
TJX,TJX INC,Consumer Discretionary
ADP,AUTOMATIC DATA PROCESSING INC,Industrials
AMT,AMERICAN TOWER REIT CORP,Real Estate
CVS,CVS HEALTH CORP,Health Care
C,CITIGROUP INC,Financials
VRTX,VERTEX PHARMACEUTICALS INC,Health Care
TMUS,T MOBILE US INC,Communication
ZTS,ZOETIS INC CLASS A,Health Care
CB,CHUBB LTD,Financials
REGN,REGENERON PHARMACEUTICALS INC,Health Care
MO,ALTRIA GROUP INC,Consumer Staples
SCHW,CHARLES SCHWAB CORP,Financials
PGR,PROGRESSIVE CORP,Financials
LRCX,LAM RESEARCH CORP,Information Technology
UBER,UBER TECHNOLOGIES INC,Industrials
SO,SOUTHERN,Utilities
BSX,BOSTON SCIENTIFIC CORP,Health Care
CI,CIGNA,Health Care
FISV,FISERV INC,Financials
MU,MICRON TECHNOLOGY INC,Information Technology
PYPL,PAYPAL HOLDINGS INC,Financials
BDX,BECTON DICKINSON,Health Care
DUK,DUKE ENERGY CORP,Utilities
ETN,EATON PLC,Industrials
TGT,TARGET CORP,Consumer Staples
AON,AON PLC CLASS A,Financials
EQIX,EQUINIX REIT INC,Real Estate
EOG,EOG RESOURCES INC,Energy
CSX,CSX CORP,Industrials
CME,CME GROUP INC CLASS A,Financials
SLB,SCHLUMBERGER NV,Energy
CL,COLGATE-PALMOLIVE,Consumer Staples
HUM,HUMANA INC,Health Care
NOC,NORTHROP GRUMMAN CORP,Industrials
ITW,ILLINOIS TOOL INC,Industrials
SNPS,SYNOPSYS INC,Information Technology
ICE,INTERCONTINENTAL EXCHANGE INC,Financials
WM,WASTE MANAGEMENT INC,Industrials
APD,AIR PRODUCTS AND CHEMICALS INC,Materials
BX,BLACKSTONE INC,Financials
HCA,HCA HEALTHCARE INC,Health Care
PANW,PALO ALTO NETWORKS INC,Information Technology
KLAC,KLA CORP,Information Technology
CMG,CHIPOTLE MEXICAN GRILL INC,Consumer Discretionary
CDNS,CADENCE DESIGN SYSTEMS INC,Information Technology
ORLY,OREILLY AUTOMOTIVE INC,Consumer Discretionary
MMM,3M,Industrials
EW,EDWARDS LIFESCIENCES CORP,Health Care
SHW,SHERWIN WILLIAMS,Materials
MCK,MCKESSON CORP,Health Care
FDX,FEDEX CORP,Industrials
SNOW,SNOWFLAKE CLASS A,Information Technology
FCX,FREEPORT MCMORAN INC,Materials
MCO,MOODYS CORP,Financials
NSC,NORFOLK SOUTHERN CORP,Industrials
GIS,GENERAL MILLS INC,Consumer Staples
MPC,MARATHON PETROLEUM CORP,Energy
CCI,CROWN CASTLE INC,Real Estate
AZO,AUTOZONE INC,Consumer Discretionary
MSI,MOTOROLA SOLUTIONS INC,Information Technology
PNC,PNC FINANCIAL SERVICES GROUP INC,Financials
USD,USD CASH,Cash and/or Derivatives
ROP,ROPER TECHNOLOGIES INC,Information Technology
GD,GENERAL DYNAMICS CORP,Industrials
DG,DOLLAR GENERAL CORP,Consumer Staples
KMB,KIMBERLY CLARK CORP,Consumer Staples
MAR,MARRIOTT INTERNATIONAL INC CLASS A,Consumer Discretionary
EMR,EMERSON ELECTRIC,Industrials
DXCM,DEXCOM INC,Health Care
GM,GENERAL MOTORS,Consumer Discretionary
SRE,SEMPRA,Utilities
NXPI,NXP SEMICONDUCTORS NV,Information Technology
EL,ESTEE LAUDER INC CLASS A,Consumer Staples
F,FORD MOTOR CO,Consumer Discretionary
AJG,ARTHUR J GALLAGHER,Financials
FTNT,FORTINET INC,Information Technology
MNST,MONSTER BEVERAGE CORP,Consumer Staples
APH,AMPHENOL CORP CLASS A,Information Technology
PSA,PUBLIC STORAGE REIT,Real Estate
AEP,AMERICAN ELECTRIC POWER INC,Utilities
PSX,PHILLIPS,Energy
BIIB,BIOGEN INC,Health Care
ADSK,AUTODESK INC,Information Technology
D,DOMINION ENERGY INC,Utilities
ABNB,AIRBNB INC CLASS A,Consumer Discretionary
USB,US BANCORP,Financials
VLO,VALERO ENERGY CORP,Energy
MCHP,MICROCHIP TECHNOLOGY INC,Information Technology
JCI,JOHNSON CONTROLS INTERNATIONAL PLC,Industrials
ECL,ECOLAB INC,Materials
TRV,TRAVELERS COMPANIES INC,Financials
OXY,OCCIDENTAL PETROLEUM CORP,Energy
PH,PARKER-HANNIFIN CORP,Industrials
LULU,LULULEMON ATHLETICA INC,Consumer Discretionary
TDG,TRANSDIGM GROUP INC,Industrials
MRNA,MODERNA INC,Health Care
TFC,TRUIST FINANCIAL CORP,Financials
CTAS,CINTAS CORP,Industrials
CTVA,CORTEVA INC,Materials
IDXX,IDEXX LABORATORIES INC,Health Care
AIG,AMERICAN INTERNATIONAL GROUP INC,Financials
ADM,ARCHER DANIELS MIDLAND,Consumer Staples
MRVL,MARVELL TECHNOLOGY INC,Information Technology
EXC,EXELON CORP,Utilities
WDAY,WORKDAY INC CLASS A,Information Technology
TT,TRANE TECHNOLOGIES PLC,Industrials
TEL,TE CONNECTIVITY LTD,Information Technology
A,AGILENT TECHNOLOGIES INC,Health Care
STZ,CONSTELLATION BRANDS INC CLASS A,Consumer Staples
HLT,HILTON WORLDWIDE HOLDINGS INC,Consumer Discretionary
HSY,HERSHEY FOODS,Consumer Staples
CPRT,COPART INC,Industrials
MSCI,MSCI INC,Financials
COF,CAPITAL ONE FINANCIAL CORP,Financials
IQV,IQVIA HOLDINGS INC,Health Care
O,REALTY INCOME REIT CORP,Real Estate
PCAR,PACCAR INC,Industrials
YUM,YUM BRANDS INC,Consumer Discretionary
AFL,AFLAC INC,Financials
ON,ON SEMICONDUCTOR CORP,Information Technology
SYY,SYSCO CORP,Consumer Staples
DOW,DOW INC,Materials
CNC,CENTENE CORP,Health Care
WELL,WELLTOWER INC,Real Estate
CHTR,CHARTER COMMUNICATIONS INC CLASS A,Communication
ROST,ROSS STORES INC,Consumer Discretionary
XEL,XCEL ENERGY INC,Utilities
WMB,WILLIAMS INC,Energy
LNG,CHENIERE ENERGY INC,Energy
ANET,ARISTA NETWORKS INC,Information Technology
LHX,L3HARRIS TECHNOLOGIES INC,Industrials
CARR,CARRIER GLOBAL CORP,Industrials
PAYX,PAYCHEX INC,Industrials
NUE,NUCOR CORP,Materials
MET,METLIFE INC,Financials
AME,AMETEK INC,Industrials
SPG,SIMON PROPERTY GROUP REIT INC,Real Estate
OTIS,OTIS WORLDWIDE CORP,Industrials
NEM,NEWMONT,Materials
FIS,FIDELITY NATIONAL INFORMATION SERV,Financials
VRSK,VERISK ANALYTICS INC,Industrials
DHI,D R HORTON INC,Consumer Discretionary
ED,CONSOLIDATED EDISON INC,Utilities
DLTR,DOLLAR TREE INC,Consumer Staples
ILMN,ILLUMINA INC,Health Care
RMD,RESMED INC,Health Care
PPG,PPG INDUSTRIES INC,Materials
VICI,VICI PPTYS INC,Real Estate
KMI,KINDER MORGAN INC,Energy
CTSH,COGNIZANT TECHNOLOGY SOLUTIONS COR,Information Technology
CSGP,COSTAR GROUP INC,Industrials
KR,KROGER,Consumer Staples
CRWD,CROWDSTRIKE HOLDINGS INC CLASS A,Information Technology
DVN,DEVON ENERGY CORP,Energy
ROK,ROCKWELL AUTOMATION INC,Industrials
AMP,AMERIPRISE FINANCE INC,Financials
CMI,CUMMINS INC,Industrials
FERG,FERGUSON PLC,Industrials
FAST,FASTENAL,Industrials
ALL,ALLSTATE CORP,Financials
PEG,PUBLIC SERVICE ENTERPRISE GROUP IN,Utilities
MTD,METTLER TOLEDO INC,Health Care
DD,DUPONT DE NEMOURS INC,Materials
TTD,TRADE DESK INC CLASS A,Communication
KHC,KRAFT HEINZ,Consumer Staples
PRU,PRUDENTIAL FINANCIAL INC,Financials
GWW,WW GRAINGER INC,Industrials
KKR,KKR AND CO INC,Financials
RSG,REPUBLIC SERVICES INC,Industrials
APO,APOLLO GLOBAL MANAGEMENT INC,Financials
GEHC,GE HEALTHCARE TECHNOLOGIES,Health Care
BKR,BAKER HUGHES CLASS A,Energy
ZBH,ZIMMER BIOMET HOLDINGS INC,Health Care
KEYS,KEYSIGHT TECHNOLOGIES INC,Information Technology
WEC,WEC ENERGY GROUP INC,Utilities
KDP,KEURIG DR PEPPER INC,Consumer Staples
AWK,AMERICAN WATER WORKS INC,Utilities
LEN,LENNAR A CORP,Consumer Discretionary
HAL,HALLIBURTON,Energy
GPN,GLOBAL PAYMENTS INC,Financials
ODFL,OLD DOMINION FREIGHT LINE INC,Industrials
ACGL,ARCH CAPITAL GROUP LTD,Financials
CEG,CONSTELLATION ENERGY CORP,Utilities
WBD,WARNER BROS. DISCOVERY INC SERIES,Communication
PCG,PG&E CORP,Utilities
HPQ,HP INC,Information Technology
OKE,ONEOK INC,Energy
EFX,EQUIFAX INC,Industrials
DLR,DIGITAL REALTY TRUST REIT INC,Real Estate
VMC,VULCAN MATERIALS,Materials
IT,GARTNER INC,Information Technology
WST,WEST PHARMACEUTICAL SERVICES INC,Health Care
EIX,EDISON INTERNATIONAL,Utilities
APTV,APTIV PLC,Consumer Discretionary
SBAC,SBA COMMUNICATIONS REIT CORP CLASS,Real Estate
MLM,MARTIN MARIETTA MATERIALS INC,Materials
ES,EVERSOURCE ENERGY,Utilities
WTW,WILLIS TOWERS WATSON PLC,Financials
CBRE,CBRE GROUP INC CLASS A,Real Estate
TSCO,TRACTOR SUPPLY,Consumer Discretionary
ULTA,ULTA BEAUTY INC,Consumer Discretionary
IR,INGERSOLL RAND INC,Industrials
HUBS,HUBSPOT INC,Information Technology
ALB,ALBEMARLE CORP,Materials
PWR,QUANTA SERVICES INC,Industrials
FANG,DIAMONDBACK ENERGY INC,Energy
TROW,T ROWE PRICE GROUP INC,Financials
STT,STATE STREET CORP,Financials
EBAY,EBAY INC,Consumer Discretionary
GLW,CORNING INC,Information Technology
URI,UNITED RENTALS INC,Industrials
ALNY,ALNYLAM PHARMACEUTICALS INC,Health Care
TEAM,ATLASSIAN CORP CLASS A,Information Technology
CDW,CDW CORP,Information Technology
DDOG,DATADOG INC CLASS A,Information Technology
VEEV,VEEVA SYSTEMS INC CLASS A,Health Care
FTV,FORTIVE CORP,Industrials
CHD,CHURCH AND DWIGHT INC,Consumer Staples
LYB,LYONDELLBASELL INDUSTRIES NV CLASS,Materials
GPC,GENUINE PARTS,Consumer Discretionary
DAL,DELTA AIR LINES INC,Industrials
HIG,HARTFORD FINANCIAL SERVICES GROUP,Financials
MKC,MCCORMICK & CO NON-VOTING INC,Consumer Staples
ENPH,ENPHASE ENERGY INC,Information Technology
CAH,CARDINAL HEALTH INC,Health Care
ALGN,ALIGN TECHNOLOGY INC,Health Care
TTWO,TAKE TWO INTERACTIVE SOFTWARE INC,Communication
BAX,BAXTER INTERNATIONAL INC,Health Care
AEE,AMEREN CORP,Utilities
WY,WEYERHAEUSER REIT,Real Estate
IFF,INTERNATIONAL FLAVORS & FRAGRANCES,Materials
PODD,INSULET CORP,Health Care
PLTR,PALANTIR TECHNOLOGIES INC CLASS A,Information Technology
MTB,M&T BANK CORP,Financials
DTE,DTE ENERGY,Utilities
STE,STERIS,Health Care
VRSN,VERISIGN INC,Information Technology
FE,FIRSTENERGY CORP,Utilities
ETR,ENTERGY CORP,Utilities
PPL,PPL CORP,Utilities
MPWR,MONOLITHIC POWER SYSTEMS INC,Information Technology
CLX,CLOROX,Consumer Staples
FSLR,FIRST SOLAR INC,Information Technology
TDY,TELEDYNE TECHNOLOGIES INC,Information Technology
EXR,EXTRA SPACE STORAGE REIT INC,Real Estate
INVH,INVITATION HOMES INC,Real Estate
DRI,DARDEN RESTAURANTS INC,Consumer Discretionary
MDB,MONGODB INC CLASS A,Information Technology
LVS,LAS VEGAS SANDS CORP,Consumer Discretionary
COO,COOPER INC,Health Care
DOV,DOVER CORP,Industrials
LH,LABORATORY CORPORATION OF AMERICA,Health Care
FICO,FAIR ISAAC CORP,Information Technology
OMC,OMNICOM GROUP INC,Communication
NDAQ,NASDAQ INC,Financials
XYL,XYLEM INC,Industrials
ARE,ALEXANDRIA REAL ESTATE EQUITIES RE,Real Estate
MKL,MARKEL CORP,Financials
HPE,HEWLETT PACKARD ENTERPRISE,Information Technology
BR,BROADRIDGE FINANCIAL SOLUTIONS INC,Industrials
EXPD,EXPEDITORS INTERNATIONAL OF WASHIN,Industrials
CNP,CENTERPOINT ENERGY INC,Utilities
RCL,ROYAL CARIBBEAN GROUP LTD,Consumer Discretionary
VTR,VENTAS REIT INC,Real Estate
RJF,RAYMOND JAMES INC,Financials
FITB,FIFTH THIRD BANCORP,Financials
WAB,WESTINGHOUSE AIR BRAKE TECHNOLOGIE,Industrials
LUV,SOUTHWEST AIRLINES,Industrials
BMRN,BIOMARIN PHARMACEUTICAL INC,Health Care
BALL,BALL CORP,Materials
BLDR,BUILDERS FIRSTSOURCE INC,Industrials
DASH,DOORDASH INC CLASS A,Consumer Discretionary
RF,REGIONS FINANCIAL CORP,Financials
NVR,NVR INC,Consumer Discretionary
CMS,CMS ENERGY CORP,Utilities
GRMN,GARMIN LTD,Consumer Discretionary
CAG,CONAGRA BRANDS INC,Consumer Staples
MAA,MID AMERICA APARTMENT COMMUNITIES,Real Estate
SEDG,SOLAREDGE TECHNOLOGIES INC,Information Technology
MOH,MOLINA HEALTHCARE INC,Health Care
TYL,TYLER TECHNOLOGIES INC,Information Technology
CINF,CINCINNATI FINANCIAL CORP,Financials
NET,CLOUDFLARE INC CLASS A,Information Technology
ATO,ATMOS ENERGY CORP,Utilities
HWM,HOWMET AEROSPACE INC,Industrials
SWKS,SKYWORKS SOLUTIONS INC,Information Technology
STLD,STEEL DYNAMICS INC,Materials
SUI,SUN COMMUNITIES REIT INC,Real Estate
SJM,JM SMUCKER,Consumer Staples
TRGP,TARGA RESOURCES CORP,Energy
PFG,PRINCIPAL FINANCIAL GROUP INC,Financials
WAT,WATERS CORP,Health Care
IRM,IRON MOUNTAIN INC,Real Estate
LPLA,LPL FINANCIAL HOLDINGS INC,Financials
LW,LAMB WESTON HOLDINGS INC,Consumer Staples
FCNCA,FIRST CITIZENS BANCSHARES INC CLAS,Financials
AMCR,AMCOR PLC,Materials
ZM,ZOOM VIDEO COMMUNICATIONS INC CLAS,Information Technology
IEX,IDEX CORP,Industrials
BRO,BROWN & BROWN INC,Financials
UAL,UNITED AIRLINES HOLDINGS INC,Industrials
HBAN,HUNTINGTON BANCSHARES INC,Financials
PHM,PULTEGROUP INC,Consumer Discretionary
NTRS,NORTHERN TRUST CORP,Financials
TER,TERADYNE INC,Information Technology
FDS,FACTSET RESEARCH SYSTEMS INC,Financials
EPAM,EPAM SYSTEMS INC,Information Technology
RVTY,REVVITY INC,Health Care
FWONK,LIBERTY MEDIA FORMULA ONE CORP SER,Communication
HUBB,HUBBELL INC,Industrials
J,JACOBS SOLUTIONS INC,Industrials
ZBRA,ZEBRA TECHNOLOGIES CORP CLASS A,Information Technology
CBOE,CBOE GLOBAL MARKETS INC,Financials
ENTG,ENTEGRIS INC,Information Technology
DGX,QUEST DIAGNOSTICS INC,Health Care
NTAP,NETAPP INC,Information Technology
PTC,PTC INC,Information Technology
EXPE,EXPEDIA GROUP INC,Consumer Discretionary
WPC,W. P. CAREY REIT INC,Real Estate
RBLX,ROBLOX CORP CLASS A,Communication
RS,RELIANCE STEEL & ALUMINUM,Materials
TSN,TYSON FOODS INC CLASS A,Consumer Staples
TRU,TRANSUNION,Industrials
AES,AES CORP,Utilities
AVTR,AVANTOR INC,Health Care
JBHT,JB HUNT TRANSPORT SERVICES INC,Industrials
LKQ,LKQ CORP,Consumer Discretionary
BBY,BEST BUY CO INC,Consumer Discretionary
PAYC,PAYCOM SOFTWARE INC,Industrials
PINS,PINTEREST INC CLASS A,Communication
AKAM,AKAMAI TECHNOLOGIES INC,Information Technology
AVY,AVERY DENNISON CORP,Materials
ESS,ESSEX PROPERTY TRUST REIT INC,Real Estate
CFG,CITIZENS FINANCIAL GROUP INC,Financials
EVRG,EVERGY INC,Utilities
BG,BUNGE LTD,Consumer Staples
AXON,AXON ENTERPRISE INC,Industrials
GGG,GRACO INC,Industrials
FMC,FMC CORP,Materials
SNA,SNAP ON INC,Industrials
MGM,MGM RESORTS INTERNATIONAL,Consumer Discretionary
TXT,TEXTRON INC,Industrials
POOL,POOL CORP,Consumer Discretionary
TECH,BIO TECHNE CORP,Health Care
LNT,ALLIANT ENERGY CORP,Utilities
EQT,EQT CORP,Energy
SRPT,SAREPTA THERAPEUTICS INC,Health Care
CF,CF INDUSTRIES HOLDINGS INC,Materials
ARES,ARES MANAGEMENT CORP CLASS A,Financials
SYF,SYNCHRONY FINANCIAL,Financials
RPRX,ROYALTY PHARMA PLC CLASS A,Health Care
OKTA,OKTA INC CLASS A,Information Technology
UDR,UDR REIT INC,Real Estate
WDC,WESTERN DIGITAL CORP,Information Technology
PEN,PENUMBRA INC,Health Care
GLPI,GAMING AND LEISURE PROPERTIES REIT,Real Estate
SSNC,SS AND C TECHNOLOGIES HOLDINGS INC,Industrials
HST,HOST HOTELS & RESORTS REIT INC,Real Estate
SWK,STANLEY BLACK & DECKER INC,Industrials
BAH,BOOZ ALLEN HAMILTON HOLDING CORP C,Industrials
MOS,MOSAIC,Materials
TRMB,TRIMBLE INC,Information Technology
INCY,INCYTE CORP,Health Care
LYV,LIVE NATION ENTERTAINMENT INC,Communication
STX,SEAGATE TECHNOLOGY HOLDINGS PLC,Information Technology
DECK,DECKERS OUTDOOR CORP,Consumer Discretionary
PKG,PACKAGING CORP OF AMERICA,Materials
CPT,CAMDEN PROPERTY TRUST REIT,Real Estate
WRB,WR BERKLEY CORP,Financials
CHRW,CH ROBINSON WORLDWIDE INC,Industrials
TFX,TELEFLEX INC,Health Care
TAP,MOLSON COORS BREWING CLASS B,Consumer Staples
DELL,DELL TECHNOLOGIES INC CLASS C,Information Technology
MAS,MASCO CORP,Industrials
KIM,KIMCO REALTY REIT CORP,Real Estate
NDSN,NORDSON CORP,Industrials
L,LOEWS CORP,Financials
DKNG,DRAFTKINGS INC CLASS A,Consumer Discretionary
LSCC,LATTICE SEMICONDUCTOR CORP,Information Technology
HRL,HORMEL FOODS CORP,Consumer Staples
KMX,CARMAX INC,Consumer Discretionary
VTRS,VIATRIS INC,Health Care
ELS,EQUITY LIFESTYLE PROPERTIES REIT I,Real Estate
JBL,JABIL INC,Information Technology
ETSY,ETSY INC,Consumer Discretionary
WYNN,WYNN RESORTS LTD,Consumer Discretionary
DOCU,DOCUSIGN INC,Information Technology
IP,INTERNATIONAL PAPER,Materials
GDDY,GODADDY INC CLASS A,Information Technology
CCL,CARNIVAL CORP,Consumer Discretionary
MANH,MANHATTAN ASSOCIATES INC,Information Technology
BWA,BORGWARNER INC,Consumer Discretionary
ZS,ZSCALER INC,Information Technology
JKHY,JACK HENRY AND ASSOCIATES INC,Financials
DPZ,DOMINOS PIZZA INC,Consumer Discretionary
NI,NISOURCE INC,Utilities
CSL,CARLISLE COMPANIES INC,Industrials
DT,DYNATRACE INC,Information Technology
WSO,WATSCO INC,Industrials
TTC,TORO,Industrials
BURL,BURLINGTON STORES INC,Consumer Discretionary
CE,CELANESE CORP,Materials
LDOS,LEIDOS HOLDINGS INC,Industrials
ACM,AECOM,Industrials
MKTX,MARKETAXESS HOLDINGS INC,Financials
APA,APA CORP,Energy
ARMK,ARAMARK,Consumer Discretionary
FIVE,FIVE BELOW INC,Consumer Discretionary
DAR,DARLING INGREDIENTS INC,Consumer Staples
HSIC,HENRY SCHEIN INC,Health Care
AMH,AMERICAN HOMES RENT REIT CLASS A,Real Estate
RPM,RPM INTERNATIONAL INC,Materials
TWLO,TWILIO INC CLASS A,Information Technology
OC,OWENS CORNING,Industrials
CRL,CHARLES RIVER LABORATORIES INTERNA,Health Care
CPB,CAMPBELL SOUP,Consumer Staples
REXR,REXFORD INDUSTRIAL REALTY REIT INC,Real Estate
RGA,REINSURANCE GROUP OF AMERICA INC,Financials
EMN,EASTMAN CHEMICAL,Materials
SCI,SERVICE,Consumer Discretionary
TPR,TAPESTRY INC,Consumer Discretionary
CZR,CAESARS ENTERTAINMENT INC,Consumer Discretionary
GEN,GEN DIGITAL INC,Information Technology
FND,FLOOR DECOR HOLDINGS INC CLASS A,Consumer Discretionary
CUBE,CUBESMART REIT,Real Estate
GL,GLOBE LIFE INC,Financials
COIN,COINBASE GLOBAL INC CLASS A,Financials
PNR,PENTAIR,Industrials
CCK,CROWN HOLDINGS INC,Materials
UTHR,UNITED THERAPEUTICS CORP,Health Care
MTN,VAIL RESORTS INC,Consumer Discretionary
QRVO,QORVO INC,Information Technology
KEY,KEYCORP,Financials
LECO,LINCOLN ELECTRIC HOLDINGS INC,Industrials
MTCH,MATCH GROUP INC,Communication
WTRG,ESSENTIAL UTILITIES INC,Utilities
BILL,BILL HOLDINGS INC,Information Technology
SNAP,SNAP INC CLASS A,Communication
ALLE,ALLEGION PLC,Industrials
ROL,ROLLINS INC,Industrials
FOXA,FOX CORP CLASS A,Communication
WSC,WILLSCOT MOBILE MINI HOLDINGS CORP,Industrials
FNF,FIDELITY NATIONAL FINANCIAL INC,Financials
CHDN,CHURCHILL DOWNS INC,Consumer Discretionary
AAL,AMERICAN AIRLINES GROUP INC,Industrials
BJ,BJS WHOLESALE CLUB HOLDINGS INC,Consumer Staples
BSY,BENTLEY SYSTEMS INC CLASS B,Information Technology
NBIX,NEUROCRINE BIOSCIENCES INC,Health Care
VST,VISTRA CORP,Utilities
REG,REGENCY CENTERS REIT CORP,Real Estate
CGNX,COGNEX CORP,Information Technology
INSP,INSPIRE MEDICAL SYSTEMS INC,Health Care
KNX,KNIGHT-SWIFT TRANSPORTATION HOLDIN,Industrials
PNW,PINNACLE WEST CORP,Utilities
BBWI,BATH AND BODY WORKS INC,Consumer Discretionary
PFGC,PERFORMANCE FOOD GROUP,Consumer Staples
LII,LENNOX INTERNATIONAL INC,Industrials
NLY,ANNALY CAPITAL MANAGEMENT REIT INC,Financials
FFIV,F5 INC,Information Technology
RRX,REGAL REXNORD CORP,Industrials
UNM,UNUM,Financials
UHS,UNIVERSAL HEALTH SERVICES INC CLAS,Health Care
AOS,A O SMITH CORP,Industrials
CASY,CASEYS GENERAL STORES INC,Consumer Staples
RGEN,REPLIGEN CORP,Health Care
EQH,EQUITABLE HOLDINGS INC,Financials
OVV,OVINTIV INC,Energy
JAZZ,JAZZ PHARMACEUTICALS PLC,Health Care
USFD,US FOODS HOLDING CORP,Consumer Staples
XRAY,DENTSPLY SIRONA INC,Health Care
RGLD,ROYAL GOLD INC,Materials
TPL,TEXAS PACIFIC LAND CORP,Energy
FBIN,FORTUNE BRANDS INNOVATIONS INC,Industrials
LAMR,LAMAR ADVERTISING COMPANY CLAS,Real Estate
HAS,HASBRO INC,Consumer Discretionary
BIO,BIO RAD LABORATORIES INC CLASS A,Health Care
RNR,RENAISSANCERE HOLDING LTD,Financials
AFG,AMERICAN FINANCIAL GROUP INC,Financials
DCI,DONALDSON INC,Industrials
HII,HUNTINGTON INGALLS INDUSTRIES INC,Industrials
TW,TRADEWEB MARKETS INC CLASS A,Financials
THC,TENET HEALTHCARE CORP,Health Care
CHE,CHEMED CORP,Health Care
ALLY,ALLY FINANCIAL INC,Financials
KBR,KBR INC,Industrials
COLD,AMERICOLD REALTY INC TRUST,Real Estate
EME,EMCOR GROUP INC,Industrials
PARA,PARAMOUNT GLOBAL CLASS B,Communication
MIDD,MIDDLEBY CORP,Industrials
NRG,NRG ENERGY INC,Utilities
BXP,BOSTON PROPERTIES REIT INC,Real Estate
TTEK,TETRA TECH INC,Industrials
RIVN,RIVIAN AUTOMOTIVE INC CLASS A,Consumer Discretionary
WEX,WEX INC,Financials
IRDM,IRIDIUM COMMUNICATIONS INC,Communication
IBKR,INTERACTIVE BROKERS GROUP INC CLAS,Financials
ATR,APTARGROUP INC,Materials
CLF,CLEVELAND CLIFFS INC,Materials
LEA,LEAR CORP,Consumer Discretionary
GPK,GRAPHIC PACKAGING HOLDING,Materials
NNN,NNN REIT INC,Real Estate
SMCI,SUPER MICRO COMPUTER INC,Information Technology
BRKR,BRUKER CORP,Health Care
DKS,DICKS SPORTING INC,Consumer Discretionary
TXRH,TEXAS ROADHOUSE INC,Consumer Discretionary
GNRC,GENERAC HOLDINGS INC,Industrials
NVCR,NOVOCURE LTD,Health Care
WSM,WILLIAMS SONOMA INC,Consumer Discretionary
Z,ZILLOW GROUP INC CLASS C,Real Estate
RHI,ROBERT HALF,Industrials
U,UNITY SOFTWARE INC,Information Technology
RRC,RANGE RESOURCES CORP,Energy
HR,HEALTHCARE REALTY TRUST INC CLASS,Real Estate
OGE,OGE ENERGY CORP,Utilities
INGR,INGREDION INC,Consumer Staples
PCTY,PAYLOCITY HOLDING CORP,Industrials
SAIA,SAIA INC,Industrials
NVT,NVENT ELECTRIC PLC,Industrials
WHR,WHIRLPOOL CORP,Consumer Discretionary
CFR,CULLEN FROST BANKERS INC,Financials
EWBC,EAST WEST BANCORP INC,Financials
GXO,GXO LOGISTICS INC,Industrials
AGCO,AGCO CORP,Industrials
NWSA,NEWS CORP CLASS A,Communication
CLH,CLEAN HARBORS INC,Industrials
CACI,CACI INTERNATIONAL INC CLASS A,Industrials
AAP,ADVANCE AUTO PARTS INC,Consumer Discretionary
JLL,JONES LANG LASALLE INC,Real Estate
ORI,OLD REPUBLIC INTERNATIONAL CORP,Financials
ROKU,ROKU INC CLASS A,Communication
BEN,FRANKLIN RESOURCES INC,Financials
KNSL,KINSALE CAPITAL GROUP INC,Financials
ARW,ARROW ELECTRONICS INC,Information Technology
IVZ,INVESCO LTD,Financials
AIZ,ASSURANT INC,Financials
ACHC,ACADIA HEALTHCARE COMPANY INC,Health Care
FR,FIRST INDUSTRIAL REALTY TRUST INC,Real Estate
EGP,EASTGROUP PROPERTIES REIT INC,Real Estate
GWRE,GUIDEWIRE SOFTWARE INC,Information Technology
WWD,WOODWARD INC,Industrials
VVV,VALVOLINE INC,Consumer Discretionary
LFUS,LITTELFUSE INC,Information Technology
HEI,HEICO CORP,Industrials
ITT,ITT INC,Industrials
TOST,TOAST INC CLASS A,Financials
LNTH,LANTHEUS HOLDINGS INC,Health Care
TOL,TOLL BROTHERS INC,Consumer Discretionary
PRI,PRIMERICA INC,Financials
OHI,OMEGA HEALTHCARE INVESTORS REIT IN,Real Estate
CIEN,CIENA CORP,Information Technology
ALV,AUTOLIV INC,Consumer Discretionary
AR,ANTERO RESOURCES CORP,Energy
SITE,SITEONE LANDSCAPE SUPPLY INC,Industrials
OLED,UNIVERSAL DISPLAY CORP,Information Technology
VOYA,VOYA FINANCIAL INC,Financials
EXEL,EXELIXIS INC,Health Care
CROX,CROCS INC,Consumer Discretionary
OLN,OLIN CORP,Materials
AA,ALCOA CORP,Materials
RBC,RBC BEARINGS INC,Industrials
AXTA,AXALTA COATING SYSTEMS LTD,Materials
LSTR,LANDSTAR SYSTEM INC,Industrials
GNTX,GENTEX CORP,Consumer Discretionary
MAT,MATTEL INC,Consumer Discretionary
VFC,VF CORP,Consumer Discretionary
FTI,TECHNIPFMC PLC,Energy
ST,SENSATA TECHNOLOGIES HOLDING PLC,Industrials
G,GENPACT LTD,Industrials
FRT,FEDERAL REALTY INVESTMENT TRUST RE,Real Estate
RMBS,RAMBUS INC,Information Technology
SF,STIFEL FINANCIAL CORP,Financials
CW,CURTISS WRIGHT CORP,Industrials
SIGI,SELECTIVE INSURANCE GROUP INC,Financials
LAD,LITHIA MOTORS INC,Consumer Discretionary
FCN,FTI CONSULTING INC,Industrials
TREX,TREX INC,Industrials
NOV,NOV INC,Energy
EHC,ENCOMPASS HEALTH CORP,Health Care
GME,GAMESTOP CORP CLASS A,Consumer Discretionary
NYT,NEW YORK TIMES CLASS A,Communication
DINO,HF SINCLAIR CORP,Energy
EXP,EAGLE MATERIALS INC,Materials
MDU,MDU RESOURCES GROUP INC,Industrials
BRX,BRIXMOR PROPERTY GROUP REIT INC,Real Estate
AGL,AGILON HEALTH,Health Care
HXL,HEXCEL CORP,Industrials
WING,WINGSTOP INC,Consumer Discretionary
PATH,UIPATH INC CLASS A,Information Technology
EEFT,EURONET WORLDWIDE INC,Financials
UGI,UGI CORP,Utilities
CHRD,CHORD ENERGY CORP,Energy
CG,CARLYLE GROUP INC,Financials
NCLH,NORWEGIAN CRUISE LINE HOLDINGS LTD,Consumer Discretionary
NTNX,NUTANIX INC CLASS A,Information Technology
SON,SONOCO PRODUCTS,Materials
WH,WYNDHAM HOTELS RESORTS INC,Consumer Discretionary
STAG,STAG INDUSTRIAL REIT INC,Real Estate
WMS,ADVANCED DRAINAGE SYSTEMS INC,Industrials
SEIC,SEI INVESTMENTS,Financials
NXST,NEXSTAR MEDIA GROUP INC,Communication
FHN,FIRST HORIZON CORP,Financials
NOVT,NOVANTA INC,Information Technology
WCC,WESCO INTERNATIONAL INC,Industrials
NTRA,NATERA INC,Health Care
VMI,VALMONT INDS INC,Industrials
WOLF,WOLFSPEED INC,Information Technology
IONS,IONIS PHARMACEUTICALS INC,Health Care
ERIE,ERIE INDEMNITY CLASS A,Financials
DBX,DROPBOX INC CLASS A,Information Technology
SPSC,SPS COMMERCE INC,Information Technology
BWXT,BWX TECHNOLOGIES INC,Industrials
NVST,ENVISTA HOLDINGS CORP,Health Care
MTZ,MASTEC INC,Industrials
FAF,FIRST AMERICAN FINANCIAL CORP,Financials
JEF,JEFFERIES FINANCIAL GROUP INC,Financials
PB,PROSPERITY BANCSHARES INC,Financials
PLNT,PLANET FITNESS INC CLASS A,Consumer Discretionary
DXC,DXC TECHNOLOGY,Information Technology
ALK,ALASKA AIR GROUP INC,Industrials
PII,POLARIS INDUSTRIES INC,Consumer Discretionary
TXG,10X GENOMICS INC CLASS A,Health Care
ADC,AGREE REALTY REIT CORP,Real Estate
CBSH,COMMERCE BANCSHARES INC,Financials
DVA,DAVITA INC,Health Care
BC,BRUNSWICK CORP,Consumer Discretionary
SSD,SIMPSON MANUFACTURING INC,Industrials
MUR,MURPHY OIL CORP,Energy
IDA,IDACORP INC,Utilities
PVH,PVH CORP,Consumer Discretionary
STWD,STARWOOD PROPERTY TRUST REIT INC,Financials
CRSP,CRISPR THERAPEUTICS AG,Health Care
FIX,COMFORT SYSTEMS USA INC,Industrials
MEDP,MEDPACE HOLDINGS INC,Health Care
H,HYATT HOTELS CORP CLASS A,Consumer Discretionary
XPO,XPO INC,Industrials
CMC,COMMERCIAL METALS,Materials
SAIC,SCIENCE APPLICATIONS INTERNATIONAL,Industrials
MSA,MSA SAFETY INC,Industrials
ENSG,ENSIGN GROUP INC,Health Care
MTDR,MATADOR RESOURCES,Energy
EXLS,EXLSERVICE HOLDINGS INC,Industrials
RLI,RLI CORP,Financials
OGN,ORGANON,Health Care
BYD,BOYD GAMING CORP,Consumer Discretionary
AGNC,AGNC INVESTMENT REIT CORP,Financials
FLO,FLOWERS FOODS INC,Consumer Staples
BFAM,BRIGHT HORIZONS FAMILY SOLUTIONS I,Consumer Discretionary
AYI,ACUITY BRANDS INC,Industrials
CELH,CELSIUS HOLDINGS INC,Consumer Staples
MKSI,MKS INSTRUMENTS INC,Information Technology
MUSA,MURPHY USA INC,Consumer Discretionary
POWI,POWER INTEGRATIONS INC,Information Technology
AMG,AFFILIATED MANAGERS GROUP INC,Financials
VRT,VERTIV HOLDINGS CLASS A,Industrials
MHK,MOHAWK INDUSTRIES INC,Consumer Discretionary
RHP,RYMAN HOSPITALITY PROPERTIES REIT,Real Estate
ORA,ORMAT TECH INC,Utilities
SSB,SOUTHSTATE CORP,Financials
UFPI,UFP INDUSTRIES INC,Industrials
ESTC,ELASTIC NV,Information Technology
LCID,LUCID GROUP INC,Consumer Discretionary
MORN,MORNINGSTAR INC,Financials
ONTO,ONTO INNOVATION INC,Information Technology
AIT,APPLIED INDUSTRIAL TECHNOLOGIES IN,Industrials
ALKS,ALKERMES,Health Care
ATI,ATI INC,Materials
OSK,OSHKOSH CORP,Industrials
BRBR,BELLRING BRANDS INC,Consumer Staples
MMS,MAXIMUS INC,Industrials
RH,RH,Consumer Discretionary
CPRI,CAPRI HOLDINGS LTD,Consumer Discretionary
WTFC,WINTRUST FINANCIAL CORP,Financials
HQY,HEALTHEQUITY INC,Health Care
DLB,DOLBY LABORATORIES INC CLASS A,Information Technology
APG,API GROUP CORP,Industrials
MMSI,MERIT MEDICAL SYSTEMS INC,Health Care
EXPO,EXPONENT INC,Industrials
HUN,HUNTSMAN CORP,Materials
QDEL,QUIDELORTHO CORP,Health Care
NFG,NATIONAL FUEL GAS,Utilities
ESNT,ESSENT GROUP LTD,Financials
FLS,FLOWSERVE CORP,Industrials
CWST,CASELLA WASTE SYSTEMS INC CLASS A,Industrials
NJR,NEW JERSEY RESOURCES CORP,Utilities
KRG,KITE REALTY GROUP TRUST REIT,Real Estate
TKR,TIMKEN,Industrials
VAC,MARRIOTT VACATIONS WORLDWIDE CORP,Consumer Discretionary
HALO,HALOZYME THERAPEUTICS INC,Health Care
COLB,COLUMBIA BANKING SYSTEM INC,Financials
ATKR,ATKORE INC,Industrials
ACLS,AXCELIS TECHNOLOGIES INC,Information Technology
VNT,VONTIER CORP,Information Technology
OPCH,OPTION CARE HEALTH INC,Health Care
PLUG,PLUG POWER INC,Industrials
DTM,DT MIDSTREAM INC,Energy
OMF,ONEMAIN HOLDINGS INC,Financials
LBTYK,LIBERTY GLOBAL PLC CLASS C,Communication
PRGO,PERRIGO PLC,Health Care
TDC,TERADATA CORP,Information Technology
SLAB,SILICON LABORATORIES INC,Information Technology
HRB,H&R BLOCK INC,Consumer Discretionary
KEX,KIRBY CORP,Industrials
POST,POST HOLDINGS INC,Consumer Staples
FIVN,FIVE9 INC,Information Technology
ABG,ASBURY AUTOMOTIVE GROUP INC,Consumer Discretionary
TENB,TENABLE HOLDINGS INC,Information Technology
MSM,MSC INDUSTRIAL INC CLASS A,Industrials
ASH,ASHLAND INC,Materials
HOOD,ROBINHOOD MARKETS INC CLASS A,Financials
RL,RALPH LAUREN CORP CLASS A,Consumer Discretionary
ALSN,ALLISON TRANSMISSION HOLDINGS INC,Industrials
MTG,MGIC INVESTMENT CORP,Financials
WTS,WATTS WATER TECHNOLOGIES INC CLASS,Industrials
DIOD,DIODES INC,Information Technology
AXS,AXIS CAPITAL HOLDINGS LTD,Financials
COHR,COHERENT CORP,Information Technology
HLI,HOULIHAN LOKEY INC CLASS A,Financials
GMED,GLOBUS MEDICAL INC CLASS A,Health Care
POR,PORTLAND GENERAL ELECTRIC,Utilities
PBF,PBF ENERGY INC CLASS A,Energy
CC,CHEMOURS,Materials
AN,AUTONATION INC,Consumer Discretionary
HAE,HAEMONETICS CORP,Health Care
PTCT,PTC THERAPEUTICS INC,Health Care
QLYS,QUALYS INC,Information Technology
LPX,LOUISIANA PACIFIC CORP,Materials
ZION,ZIONS BANCORPORATION,Financials
RYN,RAYONIER REIT INC,Real Estate
WK,WORKIVA INC CLASS A,Information Technology
ELF,ELF BEAUTY INC,Consumer Staples
MTH,MERITAGE CORP,Consumer Discretionary
TRNO,TERRENO REALTY REIT CORP,Real Estate
OGS,ONE GAS INC,Utilities
SOFI,SOFI TECHNOLOGIES INC,Financials
TDOC,TELADOC HEALTH INC,Health Care
BPOP,POPULAR INC,Financials
MLI,MUELLER INDUSTRIES INC,Industrials
THO,THOR INDUSTRIES INC,Consumer Discretionary
PCVX,VAXCYTE INC,Health Care
HOG,HARLEY DAVIDSON INC,Consumer Discretionary
ARWR,ARROWHEAD PHARMACEUTICALS INC,Health Care
THG,HANOVER INSURANCE GROUP INC,Financials
CRUS,CIRRUS LOGIC INC,Information Technology
AMN,AMN HEALTHCARE INC,Health Care
ELAN,ELANCO ANIMAL HEALTH INC,Health Care
ASO,ACADEMY SPORTS AND OUTDOORS INC,Consumer Discretionary
FNB,FNB CORP,Financials
RIG,TRANSOCEAN LTD,Energy
BCPC,BALCHEM CORP,Materials
SHLS,SHOALS TECHNOLOGIES GROUP INC CLAS,Industrials
TGTX,TG THERAPEUTICS INC,Health Care
OZK,BANK OZK,Financials
ESI,ELEMENT SOLUTIONS INC,Materials
FOXF,FOX FACTORY HOLDING CORP,Consumer Discretionary
S,SENTINELONE INC CLASS A,Information Technology
PCOR,PROCORE TECHNOLOGIES INC,Information Technology
RDN,RADIAN GROUP INC,Financials
WAL,WESTERN ALLIANCE,Financials
BMI,BADGER METER INC,Information Technology
GATX,GATX CORP,Industrials
BKH,BLACK HILLS CORP,Utilities
GT,GOODYEAR TIRE & RUBBER,Consumer Discretionary
CAR,AVIS BUDGET GROUP INC,Industrials
HOMB,HOME BANCSHARES INC,Financials
M,MACYS INC,Consumer Discretionary
COTY,COTY INC CLASS A,Consumer Staples
UBSI,UNITED BANKSHARES INC,Financials
IRTC,IRHYTHM TECHNOLOGIES INC,Health Care
BOX,BOX INC CLASS A,Information Technology
CBT,CABOT CORP,Materials
PNFP,PINNACLE FINANCIAL PARTNERS INC,Financials
DUOL,DUOLINGO INC CLASS A,Consumer Discretionary
CNXC,CONCENTRIX CORP,Industrials
FLR,FLUOR CORP,Industrials
SLGN,SILGAN HOLDINGS INC,Materials
EVR,EVERCORE INC CLASS A,Financials
VC,VISTEON CORP,Consumer Discretionary
OWL,BLUE OWL CAPITAL INC CLASS A,Financials
WLK,WESTLAKE CORP,Materials
IPGP,IPG PHOTONICS CORP,Information Technology
WFRD,WEATHERFORD INTERNATIONAL PLC,Energy
PENN,PENN ENTERTAINMENT INC,Consumer Discretionary
HE,HAWAIIAN ELECTRIC INDUSTRIES INC,Utilities
RITM,RITHM CAPITAL CORP,Financials
FOX,FOX CORP CLASS B,Communication
CYTK,CYTOKINETICS INC,Health Care
WEN,WENDYS,Consumer Discretionary
R,RYDER SYSTEM INC,Industrials
SNX,TD SYNNEX CORP,Information Technology
SLM,SLM CORP,Financials
NSIT,INSIGHT ENTERPRISES INC,Information Technology
NSP,INSPERITY INC,Industrials
ICUI,ICU MEDICAL INC,Health Care
SFM,SPROUTS FARMERS MARKET INC,Consumer Staples
AAON,AAON INC,Industrials
DOCS,DOXIMITY INC CLASS A,Health Care
BDC,BELDEN INC,Information Technology
AVT,AVNET INC,Information Technology
FCFS,FIRSTCASH HOLDINGS INC,Financials
MAN,MANPOWER INC,Industrials
NE,NOBLE CORPORATION PLC,Energy
OLLI,OLLIES BARGAIN OUTLET HOLDINGS INC,Consumer Discretionary
ONB,OLD NATIONAL BANCORP,Financials
VAL,VALARIS LTD,Energy
WU,WESTERN UNION,Financials
FUL,HB FULLER,Materials
EPRT,ESSENTIAL PROPERTIES REALTY TRUST,Real Estate
SM,SM ENERGY,Energy
GBCI,GLACIER BANCORP INC,Financials
IRT,INDEPENDENCE REALTY INC TRUST,Real Estate
RYAN,RYAN SPECIALTY HOLDINGS INC CLASS,Financials
SWX,SOUTHWEST GAS HOLDINGS INC,Utilities
MDGL,MADRIGAL PHARMACEUTICALS INC,Health Care
CNMD,CONMED CORP,Health Care
VSAT,VIASAT INC,Information Technology
ENS,ENERSYS,Industrials
SYNA,SYNAPTICS INC,Information Technology
NTLA,INTELLIA THERAPEUTICS INC,Health Care
KBH,KB HOME,Consumer Discretionary
AVNT,AVIENT CORP,Materials
NEOG,NEOGEN CORP,Health Care
FFIN,FIRST FINANCIAL BANKSHARES INC,Financials
FELE,FRANKLIN ELECTRIC INC,Industrials
ITRI,ITRON INC,Information Technology
IART,INTEGRA LIFESCIENCES HOLDINGS CORP,Health Care
HGV,HILTON GRAND VACATIONS INC,Consumer Discretionary
FOUR,SHIFT4 PAYMENTS INC CLASS A,Financials
RARE,ULTRAGENYX PHARMACEUTICAL INC,Health Care
SR,SPIRE INC,Utilities
HP,HELMERICH & PAYNE INC,Energy
CABO,CABLE ONE INC,Communication
SPXC,SPX TECHNOLOGIES CORP,Industrials
WTM,WHITE MOUNTAINS INSURANCE GROUP LT,Financials
FN,FABRINET,Information Technology
SKY,SKYLINE CHAMPION CORP,Consumer Discretionary
ARRY,ARRAY TECHNOLOGIES INC,Industrials
DNLI,DENALI THERAPEUTICS INC,Health Care
RUN,SUNRUN INC,Industrials
EPR,EPR PROPERTIES REIT,Real Estate
TNET,TRINET GROUP INCINARY,Industrials
FSS,FEDERAL SIGNAL CORP,Industrials
BLKB,BLACKBAUD INC,Information Technology
AM,ANTERO MIDSTREAM CORP,Energy
GH,GUARDANT HEALTH INC,Health Care
AEIS,ADVANCED ENERGY INDUSTRIES INC,Information Technology
OI,O I GLASS INC,Materials
ADNT,ADIENT PLC,Consumer Discretionary
CLVT,CLARIVATE PLC,Industrials
ZWS,ZURN ELKAY WATER SOLUTIONS CORP,Industrials
PAG,PENSKE AUTOMOTIVE GROUP VOTING INC,Consumer Discretionary
YETI,YETI HOLDINGS INC,Consumer Discretionary
MGY,MAGNOLIA OIL GAS CORP CLASS A,Energy
NWL,NEWELL BRANDS INC,Consumer Discretionary
LAZ,LAZARD LTD CLASS A,Financials
LNC,LINCOLN NATIONAL CORP,Financials
SXT,SENSIENT TECHNOLOGIES CORP,Materials
LITE,LUMENTUM HOLDINGS INC,Information Technology
SIG,SIGNET JEWELERS LTD,Consumer Discretionary
PECO,PHILLIPS EDISON AND COMPANY INC,Real Estate
AWR,AMERICAN STATES WATER,Utilities
TEX,TEREX CORP,Industrials
NWE,NORTHWESTERN CORP,Utilities
SPB,SPECTRUM BRANDS HOLDINGS INC,Consumer Staples
TNL,TRAVEL LEISURE,Consumer Discretionary
AGO,ASSURED GUARANTY LTD,Financials
ACI,ALBERTSONS COMPANY INC CLASS A,Consumer Staples
PBH,PRESTIGE CONSUMER HEALTHCARE INC,Health Care
CVLT,COMMVAULT SYSTEMS INC,Information Technology
VLY,VALLEY NATIONAL,Financials
VSH,VISHAY INTERTECHNOLOGY INC,Information Technology
STAA,STAAR SURGICAL,Health Care
OMCL,OMNICELL INC,Health Care
GKOS,GLAUKOS CORP,Health Care
GPI,GROUP AUTOMOTIVE INC,Consumer Discretionary
LOPE,GRAND CANYON EDUCATION INC,Consumer Discretionary
OTTR,OTTER TAIL CORP,Utilities
PINC,PREMIER INC CLASS A,Health Care
ACA,ARCOSA INC,Industrials
DV,DOUBLEVERIFY HOLDINGS INC,Information Technology
BCO,BRINKS,Industrials
FRPT,FRESHPET INC,Consumer Staples
MSGS,MADISON SQUARE GARDEN SPORTS CORP,Communication
APLE,APPLE HOSPITALITY REIT INC,Real Estate
PK,PARK HOTELS RESORTS INC,Real Estate
AFRM,AFFIRM HOLDINGS INC CLASS A,Financials
HL,HECLA MINING,Materials
MTSI,MACOM TECHNOLOGY SOLUTIONS INC,Information Technology
INSM,INSMED INC,Health Care
AZTA,AZENTA INC,Health Care
AIN,ALBANY INTERNATIONAL CORP CLASS A,Industrials
DOC,PHYSICIANS REALTY TRUST REIT,Real Estate
B,BARNES GROUP INC,Industrials
COKE,COCA COLA CONSOLIDATED INC,Consumer Staples
KOS,KOSMOS ENERGY LTD,Energy
PGNY,PROGYNY INC,Health Care
ESAB,ESAB CORP,Industrials
BXMT,BLACKSTONE MORTGAGE TRUST REIT CLA,Financials
FHI,FEDERATED HERMES INC CLASS B,Financials
SMPL,THE SIMPLY GOOD FOODS COMPANY,Consumer Staples
WDFC,WD-40,Consumer Staples
CWT,CALIFORNIA WATER SERVICE GROUP,Utilities
WMG,WARNER MUSIC GROUP CORP CLASS A,Communication
CHH,CHOICE HOTELS INTERNATIONAL INC,Consumer Discretionary
ABM,ABM INDUSTRIES INC,Industrials
PACB,PACIFIC BIOSCIENCES OF CALIFORNIA,Health Care
HWC,HANCOCK WHITNEY CORP,Financials
SAM,BOSTON BEER INC CLASS A,Consumer Staples
BHF,BRIGHTHOUSE FINANCIAL INC,Financials
BL,BLACKLINE INC,Information Technology
CHWY,CHEWY INC CLASS A,Consumer Discretionary
AVAV,AEROVIRONMENT INC,Industrials
SMG,SCOTTS MIRACLE GRO,Materials
CRC,CALIFORNIA RESOURCES CORP,Energy
JBLU,JETBLUE AIRWAYS CORP,Industrials
KWR,QUAKER CHEMICAL CORP,Materials
ENOV,ENOVIS CORP,Health Care
EVH,EVOLENT HEALTH INC CLASS A,Health Care
APP,APPLOVIN CORP CLASS A,Information Technology
CUZ,COUSINS PROPERTIES REIT INC,Real Estate
BCC,BOISE CASCADE,Industrials
KRC,KILROY REALTY REIT CORP,Real Estate
ITGR,INTEGER HOLDINGS CORP,Health Care
PRTA,PROTHENA PLC,Health Care
LBTYA,LIBERTY GLOBAL PLC CLASS A,Communication
ZD,ZIFF DAVIS INC,Communication
LCII,LCI INDUSTRIES,Consumer Discretionary
ALIT,ALIGHT INC CLASS A,Industrials
AMBA,AMBARELLA INC,Information Technology
ACAD,ACADIA PHARMACEUTICALS INC,Health Care
KLIC,KULICKE AND SOFFA INDUSTRIES INC,Information Technology
SANM,SANMINA CORP,Information Technology
FTAI,FTAI AVIATION LTD,Industrials
BNL,BROADSTONE NET LEASE INC,Real Estate
CNX,CNX RESOURCES CORP,Energy
AVA,AVISTA CORP,Utilities
AWI,ARMSTRONG WORLD INDUSTRIES INC,Industrials
DY,DYCOM INDUSTRIES INC,Industrials
SXI,STANDEX INTERNATIONAL CORP,Industrials
GO,GROCERY OUTLET HOLDING CORP,Consumer Staples
MSTR,MICROSTRATEGY INC CLASS A,Information Technology
KMPR,KEMPER CORP,Financials
CNO,CNO FINANCIAL GROUP INC,Financials
HTZ,HERTZ GLOBAL HLDGS INC,Industrials
TCBI,TEXAS CAPITAL BANCSHARES INC,Financials
COLM,COLUMBIA SPORTSWEAR,Consumer Discretionary
ALRM,ALARM.COM HOLDINGS INC,Information Technology
VRNS,VARONIS SYSTEMS INC,Information Technology
ROG,ROGERS CORP,Information Technology
ACIW,ACI WORLDWIDE INC,Information Technology
RPD,RAPID7 INC,Information Technology
APPF,APPFOLIO INC CLASS A,Information Technology
SGRY,SURGERY PARTNERS INC,Health Care
SBRA,SABRA HEALTH CARE REIT INC,Real Estate
FWRD,FORWARD AIR CORP,Industrials
NEU,NEWMARKET CORP,Materials
PD,PAGERDUTY INC,Information Technology
HLNE,HAMILTON LANE INC CLASS A,Financials
LYFT,LYFT INC CLASS A,Industrials
KFY,KORN FERRY,Industrials
LXP,LXP INDUSTRIAL TRUST,Real Estate
EXTR,EXTREME NETWORKS INC,Information Technology
FTDR,FRONTDOOR INC,Consumer Discretionary
KD,KYNDRYL HOLDINGS INC,Information Technology
CACC,CREDIT ACCEPTANCE CORP,Financials
PRGS,PROGRESS SOFTWARE CORP,Information Technology
HRI,HERC HOLDINGS INC,Industrials
CCOI,COGENT COMMUNICATIONS HOLDINGS INC,Communication
BE,BLOOM ENERGY CLASS A CORP,Industrials
W,WAYFAIR INC CLASS A,Consumer Discretionary
MATX,MATSON INC,Industrials
UMBF,UMB FINANCIAL CORP,Financials
CALX,CALIX NETWORKS INC,Information Technology
CORT,CORCEPT THERAPEUTICS INC,Health Care
NOG,NORTHERN OIL AND GAS INC,Energy
CWEN,CLEARWAY ENERGY INC CLASS C,Utilities
MRCY,MERCURY SYSTEMS INC,Industrials
RVMD,REVOLUTION MEDICINES INC,Health Care
RNG,RINGCENTRAL INC CLASS A,Information Technology
KAI,KADANT INC,Industrials
ZG,ZILLOW GROUP INC CLASS A,Real Estate
IOSP,INNOSPEC INC,Materials
CBRL,CRACKER BARREL OLD COUNTRY STORE I,Consumer Discretionary
SHAK,SHAKE SHACK INC CLASS A,Consumer Discretionary
JJSF,J AND J SNACK FOODS CORP,Consumer Staples
MGEE,MGE ENERGY INC,Utilities
AXSM,AXSOME THERAPEUTICS INC,Health Care
AMC,AMC ENTERTAINMENT HOLDINGS INC CLA,Communication
ESE,ESCO TECHNOLOGIES INC,Industrials
WERN,WERNER ENTERPRISES INC,Industrials
IBP,INSTALLED BUILDING PRODUCTS INC,Consumer Discretionary
CXT,CRANE NXT,Industrials
KRYS,KRYSTAL BIOTECH INC,Health Care
CRI,CARTERS INC,Consumer Discretionary
ALGM,ALLEGRO MICROSYSTEMS INC,Information Technology
SHOO,STEVEN MADDEN LTD,Consumer Discretionary
CBZ,CBIZ INC,Industrials
PZZA,PAPA JOHNS INTERNATIONAL INC,Consumer Discretionary
LIVN,LIVANOVA PLC,Health Care
CVCO,CAVCO INDUSTRIES INC,Consumer Discretionary
MGRC,MCGRATH RENT,Industrials
SIRI,SIRIUS XM HOLDINGS INC,Communication
NPO,ENPRO INDUSTRIES INC,Industrials
CRS,CARPENTER TECHNOLOGY CORP,Materials
VRRM,VERRA MOBILITY CORP CLASS A,Industrials
MC,MOELIS CLASS A,Financials
AMKR,AMKOR TECHNOLOGY INC,Information Technology
PTON,PELOTON INTERACTIVE CLASS A INC,Consumer Discretionary
HUBG,HUB GROUP INC CLASS A,Industrials
UNF,UNIFIRST CORP,Industrials
SDGR,SCHRODINGER INC,Health Care
MYRG,MYR GROUP INC,Industrials
BTU,PEABODY ENERGY CORP,Energy
TMDX,TRANSMEDICS GROUP INC,Health Care
FRSH,FRESHWORKS INC CLASS A,Information Technology
HASI,HANNON ARMSTRONG SUSTAINABLE INFRA,Financials
REZI,RESIDEO TECHNOLOGIES INC,Industrials
SKT,TANGER FACTORY OUTLET CENTERS REIT,Real Estate
PTEN,PATTERSON UTI ENERGY INC,Energy
TDW,TIDEWATER INC,Energy
AI,C3 AI INC CLASS A,Information Technology
IPAR,INTER PARFUMS INC,Consumer Staples
BOKF,BOK FINANCIAL CORP,Financials
YELP,YELP INC,Communication
HELE,HELEN OF TROY LTD,Consumer Discretionary
IDCC,INTERDIGITAL INC,Information Technology
DORM,DORMAN PRODUCTS INC,Consumer Discretionary
ABR,ARBOR REALTY TRUST REIT INC,Financials
IOT,SAMSARA INC CLASS A,Information Technology
ASB,ASSOCIATED BANCORP,Financials
PLXS,PLEXUS CORP,Information Technology
IBOC,INTERNATIONAL BANCSHARES CORP,Financials
EPC,EDGEWELL PERSONAL CARE,Consumer Staples
COHU,COHU INC,Information Technology
SCL,STEPAN,Materials
CATY,CATHAY GENERAL BANCORP,Financials
WHD,CACTUS INC CLASS A,Energy
FHB,FIRST HAWAIIAN INC,Financials
ATRC,ATRICURE INC,Health Care
GNW,GENWORTH FINANCIAL A INC,Financials
RIOT,RIOT PLATFORMS INC,Information Technology
NHI,NATIONAL HEALTH INVESTORS REIT INC,Real Estate
SHO,SUNSTONE HOTEL INVESTORS REIT INC,Real Estate
KSS,KOHLS CORP,Consumer Discretionary
WD,WALKER & DUNLOP INC,Financials
RXO,RXO INC,Industrials
LGIH,LGI HOMES INC,Consumer Discretionary
FORM,FORMFACTOR INC,Information Technology
RRR,RED ROCK RESORTS ORS CLASS A INC,Consumer Discretionary
MTRN,MATERION CORP,Materials
SPT,SPROUT SOCIAL INC CLASS A,Information Technology
ARCB,ARCBEST CORP,Industrials
EVTC,EVERTEC INC,Financials
BLMN,BLOOMIN BRANDS INC,Consumer Discretionary
NWN,NORTHWEST NATURAL HOLDING COMPANY,Utilities
ENR,ENERGIZER HOLDINGS INC,Consumer Staples
HIW,HIGHWOODS PROPERTIES REIT INC,Real Estate
GTLB,GITLAB INC CLASS A,Information Technology
MWA,MUELLER WATER PRODUCTS INC SERIES,Industrials
CHPT,CHARGEPOINT HOLDINGS INC CLASS A,Industrials
SITC,SITE CENTERS CORP,Real Estate
NEO,NEOGENOMICS INC,Health Care
NCNO,NCINO INC,Information Technology
VNO,VORNADO REALTY TRUST REIT,Real Estate
VIAV,VIAVI SOLUTIONS INC,Information Technology
APAM,ARTISAN PARTNERS ASSET MANAGEMENT,Financials
NTCT,NETSCOUT SYSTEMS INC,Information Technology
AX,AXOS FINANCIAL INC,Financials
TRN,TRINITY INDUSTRIES INC,Industrials
SFBS,SERVISFIRST BANCSHARES INC,Financials
FCPT,FOUR CORNERS PROPERTY INC TRUST,Real Estate
MAC,MACERICH REIT,Real Estate
NWS,NEWS CORP CLASS B,Communication
KMT,KENNAMETAL INC,Industrials
MTX,MINERALS TECHNOLOGIES INC,Materials
PSMT,PRICESMART INC,Consumer Staples
GHC,GRAHAM HOLDINGS COMPANY CLASS B,Consumer Discretionary
UPST,UPSTART HOLDINGS INC,Financials
CBU,COMMUNITY BANK SYSTEM INC,Financials
PI,IMPINJ INC,Information Technology
BEAM,BEAM THERAPEUTICS INC,Health Care
DOCN,DIGITALOCEAN HOLDINGS INC,Information Technology
PR,PERMIAN RESOURCES CORP CLASS A,Energy
ROCK,GIBRALTAR INDUSTRIES INC,Industrials
CERT,CERTARA INC,Health Care
OUT,OUTFRONT MEDIA INC,Real Estate
FIBK,FIRST INTERSTATE BANCSYSTEM INC CL,Financials
MQ,MARQETA INC CLASS A,Financials
AMR,ALPHA METALLURGICAL RESOURCE INC,Materials
YOU,CLEAR SECURE INC CLASS A,Information Technology
RUSHA,RUSH ENTERPRISES INC CLASS A,Industrials
LUMN,LUMEN TECHNOLOGIES INC,Communication
EYE,NATIONAL VISION HOLDINGS INC,Consumer Discretionary
LBRT,LIBERTY ENERGY INC CLASS A,Energy
MXL,MAXLINEAR INC,Information Technology
ICFI,ICF INTERNATIONAL INC,Industrials
AEO,AMERICAN EAGLE OUTFITTERS INC,Consumer Discretionary
WOR,WORTHINGTON INDUSTRIES INC,Materials
MP,MP MATERIALS CORP CLASS A,Materials
BRC,BRADY NONVOTING CORP CLASS A,Industrials
HLIT,HARMONIC INC,Information Technology
CAKE,CHEESECAKE FACTORY INC,Consumer Discretionary
CPK,CHESAPEAKE UTILITIES CORP,Utilities
TNDM,TANDEM DIABETES CARE INC,Health Care
WSFS,WSFS FINANCIAL CORP,Financials
QTWO,Q2 HOLDINGS INC,Information Technology
ACVA,ACV AUCTIONS INC CLASS A,Industrials
NMIH,NMI HOLDINGS INC CLASS A,Financials
PEGA,PEGASYSTEMS INC,Information Technology
DEI,DOUGLAS EMMETT REIT INC,Real Estate
VKTX,VIKING THERAPEUTICS INC,Health Care
IIPR,INNOVATIVE INDUSTRIAL PROPERTIES I,Real Estate
FLYW,FLYWIRE CORP,Financials
VCYT,VERACYTE INC,Health Care
PRG,PROG HOLDINGS INC,Financials
BOOT,BOOT BARN HOLDINGS INC,Consumer Discretionary
THRM,GENTHERM INC,Consumer Discretionary
AUB,ATLANTIC UNION BANKSHARES CORP,Financials
JACK,JACK IN THE BOX INC,Consumer Discretionary
HCC,WARRIOR MET COAL INC,Materials
MHO,M I HOMES INC,Consumer Discretionary
MBLY,MOBILEYE GLOBAL INC,Consumer Discretionary
CARG,CARGURUS INC CLASS A,Communication
STRA,STRATEGIC EDUCATION INC,Consumer Discretionary
HLIO,HELIOS TECHNOLOGIES INC,Industrials
VIR,VIR BIOTECHNOLOGY INC,Health Care
EBC,EASTERN BANKSHARES INC,Financials
AIR,AAR CORP,Industrials
FULT,FULTON FINANCIAL CORP,Financials
PCRX,PACIRA BIOSCIENCES INC,Health Care
OSIS,OSI SYSTEMS INC,Information Technology
AMPH,AMPHASTAR PHARMACEUTICALS INC,Health Care
DAN,DANA INCORPORATED INC,Consumer Discretionary
DNA,GINKGO BIOWORKS HOLDINGS INC CLASS,Materials
CCS,CENTURY COMMUNITIES INC,Consumer Discretionary
CTRE,CARETRUST REIT INC,Real Estate
ALG,ALAMO GROUP INC,Industrials
SNDX,SYNDAX PHARMACEUTICALS INC,Health Care
KTB,KONTOOR BRANDS INC,Consumer Discretionary
MYGN,MYRIAD GENETICS INC,Health Care
CRVL,CORVEL CORP,Health Care
SONO,SONOS INC,Consumer Discretionary
PIPR,PIPER SANDLER COMPANIES,Financials
SUPN,SUPERNUS PHARMACEUTICALS INC,Health Care
DBRG,DIGITALBRIDGE GROUP INC CLASS A,Real Estate
SFNC,SIMMONS FIRST NATIONAL CORP CLASS,Financials
NGVT,INGEVITY CORP,Materials
CNM,CORE & MAIN INC CLASS A,Industrials
CNK,CINEMARK HOLDINGS INC,Communication
LTC,LTC PROPERTIES REIT INC,Real Estate
SBCF,SEACOAST BANKING OF FLORIDA,Financials
RLJ,RLJ LODGING TRUST REIT,Real Estate
REYN,REYNOLDS CONSUMER PRODUCTS INC,Consumer Staples
TOWN,TOWNEBANK,Financials
JBGS,JBG SMITH PROPERTIES,Real Estate
PFSI,PENNYMAC FINANCIAL SERVICES INC,Financials
QS,QUANTUMSCAPE CORP CLASS A,Consumer Discretionary
RAMP,LIVERAMP HOLDINGS INC,Information Technology
WAFD,WASHINGTON FEDERAL INC,Financials
PEB,PEBBLEBROOK HOTEL TRUST REIT,Real Estate
JXN,JACKSON FINANCIAL INC CLASS A,Financials
LAZR,LUMINAR TECHNOLOGIES INC CLASS A,Consumer Discretionary
PJT,PJT PARTNERS INC CLASS A,Financials
PATK,PATRICK INDUSTRIES INC,Consumer Discretionary
JOE,ST JOE,Real Estate
OII,OCEANEERING INTERNATIONAL INC,Energy
RELY,REMITLY GLOBAL INC,Financials
USPH,US PHYSICAL THERAPY INC,Health Care
KTOS,KRATOS DEFENSE AND SECURITY SOLUTI,Industrials
WGO,WINNEBAGO INDUSTRIES INC,Consumer Discretionary
AZZ,AZZ INC,Industrials
CALM,CAL MAINE FOODS INC,Consumer Staples
XRX,XEROX HOLDINGS CORP,Information Technology
CTS,CTS CORP,Information Technology
CNS,COHEN & STEERS INC,Financials
NNI,NELNET INC CLASS A,Financials
INT,WORLD FUEL SERVICES CORP,Energy
NUS,NU SKIN ENTERPRISES INC CLASS A,Consumer Staples
TRIP,TRIPADVISOR INC,Communication
DK,DELEK US HOLDINGS INC,Energy
XPEL,XPEL INC,Consumer Discretionary
IRWD,IRONWOOD PHARMA INC CLASS A,Health Care
LRN,STRIDE INC,Consumer Discretionary
PHR,PHREESIA INC,Health Care
TROX,TRONOX HOLDINGS PLC,Materials
INDB,INDEPENDENT BANK CORP,Financials
UPBD,UPBOUND GROUP INC,Consumer Discretionary
URBN,URBAN OUTFITTERS INC,Consumer Discretionary
SITM,SITIME CORP,Information Technology
WLY,JOHN WILEY AND SONS INC CLASS A,Communication
DRVN,DRIVEN BRANDS HOLDINGS INC,Industrials
HLMN,HILLMAN SOLUTIONS CORP,Industrials
VIRT,VIRTU FINANCIAL INC CLASS A,Financials
ARR,ARMOUR RESIDENTIAL REIT INC,Financials
EAT,BRINKER INTERNATIONAL INC,Consumer Discretionary
OXM,OXFORD INDUSTRIES INC,Consumer Discretionary
BMBL,BUMBLE INC CLASS A,Communication
PRIM,PRIMORIS SERVICES CORP,Industrials
ERII,ENERGY RECOVERY INC,Industrials
CNNE,CANNAE HOLDINGS INC,Financials
SLG,SL GREEN REALTY REIT CORP,Real Estate
BOH,BANK OF HAWAII CORP,Financials
ALGT,ALLEGIANT TRAVEL,Industrials
GVA,GRANITE CONSTRUCTION INC,Industrials
OPEN,OPENDOOR TECHNOLOGIES INC,Real Estate
MGPI,MGP INGREDIENTS INC,Consumer Staples
NAVI,NAVIENT CORP,Financials
MRVI,MARAVAI LIFESCIENCES HOLDINGS INC,Health Care
FRME,FIRST MERCHANTS CORP,Financials
HURN,HURON CONSULTING GROUP INC,Industrials
UNFI,UNITED NATURAL FOODS INC,Consumer Staples
ASAN,ASANA INC CLASS A,Information Technology
APPN,APPIAN CORP CLASS A,Information Technology
SHC,SOTERA HEALTH COMPANY,Health Care
UE,URBAN EDGE PROPERTIES,Real Estate
BANF,BANCFIRST CORP,Financials
CLDX,CELLDEX THERAPEUTICS INC,Health Care
LAUR,LAUREATE EDUCATION INC,Consumer Discretionary
XNCR,XENCOR INC,Health Care
INSW,INTERNATIONAL SEAWAYS INC,Energy
CENTA,CENTRAL GARDEN AND PET CLASS A,Consumer Staples
SKYW,SKYWEST INC,Industrials
VCEL,VERICEL CORP,Health Care
FWONA,LIBERTY MEDIA FORMULA ONE CORP SER,Communication
OEC,ORION ENGINEERED CARBONS SA,Materials
LMAT,LEMAITRE VASCULAR INC,Health Care
FSLY,FASTLY INC CLASS A,Information Technology
MDRX,VERADIGM INC,Health Care
PLAY,DAVE AND BUSTERS ENTERTAINMENT INC,Consumer Discretionary
BBIO,BRIDGEBIO PHARMA INC,Health Care
FBNC,FIRST BANCORP,Financials
DRH,DIAMONDROCK HOSPITALITY REIT,Real Estate
BCRX,BIOCRYST PHARMACEUTICALS INC,Health Care
MEI,METHODE ELECTRONICS INC,Information Technology
CHCT,COMMUNITY HEALTHCARE TRUST INC,Real Estate
MNRO,MONRO INC,Consumer Discretionary
RDNT,RADNET INC,Health Care
WSBC,WESBANCO INC,Financials
KN,KNOWLES CORP,Information Technology
FBP,FIRST BANCORP,Financials
EFSC,ENTERPRISE FINANCIAL SERVICES CORP,Financials
EMBC,EMBECTA CORP,Health Care
LNN,LINDSAY CORP,Industrials
SCHL,SCHOLASTIC CORP,Communication
TNC,TENNANT,Industrials
PRK,PARK NATIONAL CORP,Financials
ANDE,ANDERSONS INC,Consumer Staples
LESL,LESLIES INC,Consumer Discretionary
IONQ,IONQ INC,Information Technology
ENVX,ENOVIX CORP,Industrials
PDFS,PDF SOLUTIONS INC,Information Technology
AMRC,AMERESCO INC CLASS A,Industrials
SLVM,SYLVAMO CORP,Materials
GRBK,GREEN BRICK PARTNERS INC,Consumer Discretionary
GTY,GETTY REALTY REIT CORP,Real Estate
AGIO,AGIOS PHARMACEUTICALS INC,Health Care
SNEX,STONEX GROUP INC,Financials
EPAC,ENERPAC TOOL GROUP CORP CLASS A,Industrials
MBC,MASTERBRAND INC,Industrials
VRTS,VIRTUS INVESTMENT PARTNERS INC,Financials
BFH,BREAD FINANCIAL HOLDINGS INC,Financials
TPG,TPG INC CLASS A,Financials
NSSC,NAPCO SECURITY TECHNOLOGIES INC,Information Technology
ABCB,AMERIS BANCORP,Financials
GPOR,GULFPORT ENERGY CORP,Energy
ADUS,ADDUS HOMECARE CORP,Health Care
GOLF,ACUSHNET HOLDINGS CORP,Consumer Discretionary
JOBY,JOBY AVIATION INC CLASS A,Industrials
UTZ,UTZ BRANDS INC CLASS A,Consumer Staples
AGYS,AGILYSYS INC,Information Technology
GFF,GRIFFON CORP,Industrials
KYMR,KYMERA THERAPEUTICS INC,Health Care
MATW,MATTHEWS INTERNATIONAL CORP CLASS,Industrials
IVT,INVENTRUST PROPERTIES CORP,Real Estate
UCTT,ULTRA CLEAN HOLDINGS INC,Information Technology
SPCE,VIRGIN GALACTIC HOLDINGS INC SHS C,Industrials
MRTN,MARTEN TRANSPORT LTD,Industrials
XPRO,EXPRO GROUP HOLDINGS NV,Energy
NFE,NEW FORTRESS ENERGY INC CLASS A,Energy
HLF,HERBALIFE NUTRITION LTD,Consumer Staples
ADT,ADT INC,Consumer Discretionary
MGNI,MAGNITE INC,Communication
UAA,UNDER ARMOUR INC CLASS A,Consumer Discretionary
LGND,LIGAND PHARMACEUTICALS INC,Health Care
PAR,PAR TECHNOLOGY CORP,Information Technology
ELME,ELME,Real Estate
HTH,HILLTOP HOLDINGS INC,Financials
PRCT,PROCEPT BIOROBOTICS CORP,Health Care
MNKD,MANNKIND CORP,Health Care
WNC,WABASH NATIONAL CORP,Industrials
ROAD,CONSTRUCTION PARTNERS INC CLASS A,Industrials
ENVA,ENOVA INTERNATIONAL INC,Financials
HAYW,HAYWARD HOLDINGS INC,Industrials
SMTC,SEMTECH CORP,Information Technology
TTMI,TTM TECHNOLOGIES INC,Information Technology
WTTR,SELECT WATER SOLUTIONS INC CLASS A,Energy
OSCR,OSCAR HEALTH INC CLASS A,Financials
STRL,STERLING INFRASTRUCTURE INC,Industrials
GSHD,GOOSEHEAD INSURANCE INC CLASS A,Financials
BATRK,LIBERTY MEDIA LIBERTY BRAVES CORP,Communication
SYBT,STOCK YARDS BANCORP INC,Financials
NXT,NEXTRACKER INC,Industrials
UA,UNDER ARMOUR INC CLASS C,Consumer Discretionary
CVBF,CVB FINANCIAL CORP,Financials
TRMK,TRUSTMARK CORP,Financials
CMCO,COLUMBUS MCKINNON CORP,Industrials
UVV,UNIVERSAL CORP,Consumer Staples
MOD,MODINE MANUFACTURING,Consumer Discretionary
CWK,CUSHMAN AND WAKEFIELD PLC,Real Estate
KFRC,KFORCE INC,Industrials
ARI,APOLLO COMMERCIAL REAL ESTATE FINA,Financials
PLMR,PALOMAR HOLDINGS INC,Financials
CARS,CARS.COM INC,Communication
SSTK,SHUTTERSTOCK INC,Communication
UFPT,UFP TECHNOLOGIES INC,Health Care
AROC,ARCHROCK INC,Energy
AIV,APARTMENT INVESTMENT AND MANAGEMEN,Real Estate
MIR,MIRION TECHNOLOGIES INC CLASS A,Information Technology
DICE,DICE THERAPEUTICS INC,Health Care
APPS,DIGITAL TURBINE INC,Information Technology
LEVI,LEVI STRAUSS CLASS A,Consumer Discretionary
FPI,FARMLAND PARTNERS INC,Real Estate
PSN,PARSONS CORP,Industrials
NABL,N ABLE INC,Information Technology
RCKT,ROCKET PHARMACEUTICALS INC,Health Care
PTGX,PROTAGONIST THERAPEUTICS INC,Health Care
RKLB,ROCKET LAB USA INC,Industrials
KROS,KEROS THERAPEUTICS INC,Health Care
FFBC,FIRST FINANCIAL BANCORP,Financials
CMTG,CLAROS MORTGAGE TRUST INC,Financials
AGM,FEDERAL AGRICULTURAL MORTGAGE NON,Financials
GEF,GREIF INC CLASS A,Materials
CVNA,CARVANA CLASS A,Consumer Discretionary
NBTB,NBT BANCORP INC,Financials
LZB,LA-Z-BOY INC,Consumer Discretionary
MD,PEDIATRIX MEDICAL GROUP INC,Health Care
CMP,COMPASS MINERALS INTERNATIONAL INC,Materials
ADMA,ADMA BIOLOGICS INC,Health Care
PLUS,EPLUS,Information Technology
CIM,CHIMERA INVESTMENT CORP,Financials
DEA,EASTERLY GOVERNMENT PROPERTIES INC,Real Estate
FBRT,FRANKLIN BSP REALTY TRUST INC,Financials
XHR,XENIA HOTELS RESORTS REIT INC,Real Estate
TCBK,TRICO BANCSHARES,Financials
PRVA,PRIVIA HEALTH GROUP INC,Health Care
HAIN,HAIN CELESTIAL GROUP INC,Consumer Staples
TMCI,TREACE MEDICAL CONCEPTS INC,Health Care
MSEX,MIDDLESEX WATER,Utilities
KALU,KAISER ALUMINIUM CORP,Materials
LILAK,LIBERTY LATIN AMERICA LTD CLASS C,Communication
ZETA,ZETA GLOBAL HOLDINGS CORP CLASS A,Information Technology
ANF,ABERCROMBIE AND FITCH CLASS A,Consumer Discretionary
JBSS,JOHN B SANFILIPPO AND SON INC,Consumer Staples
DGII,DIGI INTERNATIONAL INC,Information Technology
DFIN,DONNELLEY FINANCIAL SOLUTIONS INC,Financials
VICR,VICOR CORP,Industrials
RKT,ROCKET COMPANIES INC CLASS A,Financials
IMVT,IMMUNOVANT INC,Health Care
LKFN,LAKELAND FINANCIAL CORP,Financials
WWW,WOLVERINE WORLD WIDE INC,Consumer Discretionary
VECO,VEECO INSTRUMENTS INC,Information Technology
MARA,MARATHON DIGITAL HOLDINGS INC,Information Technology
CASH,PATHWARD FINANCIAL INC,Financials
SVC,SERVICE PROPERTIES TRUST,Real Estate
CXW,CORECIVIC REIT INC,Industrials
MLKN,MILLERKNOLL INC,Industrials
JELD,JELD WEN HOLDING INC,Industrials
NXRT,NEXPOINT RESIDENTIAL TRUST INC,Real Estate
FIZZ,NATIONAL BEVERAGE CORP,Consumer Staples
IMKTA,INGLES MARKETS INC CLASS A,Consumer Staples
CHGG,CHEGG INC,Consumer Discretionary
SNDR,SCHNEIDER NATIONAL INC CLASS B,Industrials
SBH,SALLY BEAUTY HOLDINGS INC,Consumer Discretionary
NBHC,NATIONAL BANK HOLDINGS CORP CLASS,Financials
TRS,TRIMAS CORP,Materials
HIMS,HIMS HERS HEALTH INC CLASS A,Health Care
SABR,SABRE CORP,Consumer Discretionary
EAF,GRAFTECH INTERNATIONAL LTD,Industrials
PARR,PAR PACIFIC HOLDINGS INC,Energy
GERN,GERON CORP,Health Care
LZ,LEGALZOOM COM INC,Industrials
DIN,DINE BRANDS GLOBAL INC,Consumer Discretionary
GEO,GEO GROUP REIT INC,Industrials
ARVN,ARVINAS INC,Health Care
STEP,STEPSTONE GROUP INC CLASS A,Financials
WINA,WINMARK CORP,Consumer Discretionary
GTES,GATES INDUSTRIAL PLC,Industrials
RNST,RENASANT CORP,Financials
LTH,LIFE TIME GROUP HOLDINGS INC,Consumer Discretionary
RCUS,ARCUS BIOSCIENCES INC,Health Care
TFIN,TRIUMPH FINANCIAL INC,Financials
VRDN,VIRIDIAN THERAPEUTICS ORS INC,Health Care
IOVA,IOVANCE BIOTHERAPEUTICS INC,Health Care
SKIN,BEAUTY HEALTH COMPANY CLASS A CLAS,Consumer Staples
HNI,HNI CORP,Industrials
INVA,INNOVIVA INC,Health Care
SOUN,SOUNDHOUND AI INC CLASS A,Information Technology
CHEF,CHEFS WAREHOUSE INC,Consumer Staples
FA,FIRST ADVANTAGE CORP,Industrials
REPL,REPLIMUNE GROUP INC,Health Care
ZIP,ZIPRECRUITER INC CLASS A,Communication
LADR,LADDER CAPITAL CORP CLASS A,Financials
ZNTL,ZENTALIS PHARMACEUTICALS INC,Health Care
WMK,WEIS MARKETS INC,Consumer Staples
BRZE,BRAZE INC CLASS A,Information Technology
OBK,ORIGIN BANCORP INC,Financials
MED,MEDIFAST INC,Consumer Staples
FIGS,FIGS INC CLASS A,Health Care
GNL,GLOBAL NET LEASE INC,Real Estate
ATEC,ALPHATEC HOLDNGS INC,Health Care
AMLX,AMYLYX PHARMACEUTICALS INC,Health Care
COMP,COMPASS INC CLASS A,Real Estate
ECPG,ENCORE CAPITAL GROUP INC,Financials
BUSE,FIRST BUSEY CORP,Financials
TVTX,TRAVERE THERAPEUTICS INC,Health Care
UEC,URANIUM ENERGY CORP,Energy
RGNX,REGENXBIO INC,Health Care
RC,READY CAPITAL CORP,Financials
CLB,CORE LABORATORIES NV,Energy
OM,OUTSET MEDICAL INC,Health Care
CHCO,CITY HOLDING,Financials
RXRX,RECURSION PHARMACEUTICALS INC CLAS,Health Care
HRMY,HARMONY BIOSCIENCES HLDG INC,Health Care
CLNE,CLEAN ENERGY FUELS CORP,Energy
HCSG,HEALTHCARE SERVICES GROUP INC,Industrials
NBR,NABORS INDUSTRIES LTD,Energy
ROIV,ROIVANT SCIENCES LTD,Health Care
AMSF,AMERISAFE INC,Financials
CNA,CNA FINANCIAL CORP,Financials
DDD,3D SYSTEMS CORP,Industrials
PLTK,PLAYTIKA HOLDING CORP,Communication
MFA,MFA FINANCIAL INC,Financials
BKU,BANKUNITED INC,Financials
PLAB,PHOTRONICS INC,Information Technology
BHE,BENCHMARK ELECTRONICS INC,Information Technology
DNUT,KRISPY KREME INC,Consumer Discretionary
MYE,MYERS INDUSTRIES INC,Materials
BGS,B AND G FOODS INC,Consumer Staples
TBBK,BANCORP INC,Financials
CYRX,CRYOPORT INC,Health Care
PMT,PENNYMAC MORTGAGE INVESTMENT TRUST,Financials
BHVN,BIOHAVEN LTD,Health Care
DNOW,NOW INC,Industrials
CSR,CENTERSPACE,Real Estate
PTLO,PORTILLO S INC CLASS A,Consumer Discretionary
CWH,CAMPING WORLD HOLDINGS INC CLASS A,Consumer Discretionary
RLAY,RELAY THERAPEUTICS INC,Health Care
UNIT,UNITI GROUP INC,Real Estate
SAFE,SAFEHOLD INC,Real Estate
AVXL,ANAVEX LIFE SCIENCES CORP,Health Care
APOG,APOGEE ENTERPRISES INC,Industrials
AAT,AMERICAN ASSETS TRUST REIT INC,Real Estate
UPWK,UPWORK INC,Industrials
ADEA,ADEIA INC,Information Technology
FMNB,FARMERS NATIONAL BANC CORP,Financials
DDS,DILLARDS INC CLASS A,Consumer Discretionary
NTST,NETSTREIT CORP,Real Estate
BROS,DUTCH BROS INC CLASS A,Consumer Discretionary
CRNX,CRINETICS PHARMACEUTICALS INC,Health Care
NWBI,NORTHWEST BANCSHARES INC,Financials
COGT,COGENT BIOSCIENCES INC,Health Care
CRDO,CREDO TECHNOLOGY GROUP HOLDING LTD,Information Technology
ATEN,A10 NETWORKS INC,Information Technology
PFS,PROVIDENT FINANCIAL SERVICES INC,Financials
ORIC,ORIC PHARMACEUTICALS INC,Health Care
GBX,GREENBRIER INC,Industrials
LPG,DORIAN LPG LTD,Energy
COUR,COURSERA INC,Consumer Discretionary
DJCO,DAILY JOURNAL CORP,Communication
MSGE,MADISON SQUARE GARDEN ENTERTAINMEN,Communication
CRK,COMSTOCK RESOURCES INC,Energy
FLNC,FLUENCE ENERGY INC CLASS A,Industrials
SEB,SEABOARD CORP,Consumer Staples
FCEL,FUELCELL ENERGY INC,Industrials
ASIX,ADVANSIX INC,Materials
SHEN,SHENANDOAH TELECOMMUNICATIONS,Communication
FBK,FB FINANCIAL CORP,Financials
MBUU,MALIBU BOATS CLASS A INC,Consumer Discretionary
PLRX,PLIANT THERAPEUTICS INC,Health Care
CDE,COEUR MINING INC,Materials
NMRK,NEWMARK GROUP INC CLASS A,Real Estate
CAL,CALERES INC,Consumer Discretionary
QCRH,QCR HOLDINGS INC,Financials
CXM,SPRINKLR INC CLASS A,Information Technology
YEXT,YEXT INC,Information Technology
CRNC,CERENCE INC,Information Technology
CMPR,CIMPRESS PLC,Industrials
SMP,STANDARD MOTOR PRODUCTS INC,Consumer Discretionary
TTGT,TECHTARGET INC,Communication
HLX,HELIX ENERGY SOLUTIONS GROUP INC,Energy
TGLS,TECNOGLASS INC,Industrials
RUM,RUMBLE INC CLASS A,Communication
AKR,ACADIA REALTY TRUST REIT,Real Estate
OSW,ONESPAWORLD HOLDINGS LTD,Consumer Discretionary
ESQ,ESQUIRE FINANCIAL HOLDINGS INC,Financials
IMXI,INTERNATIONAL MONEY EXPRESS INC,Financials
PRM,PERIMETER SOLUTIONS SA,Materials
DCGO,DOCGO INC,Health Care
MCY,MERCURY GENERAL CORP,Financials
MCRI,MONARCH CASINO AND RESORT INC,Consumer Discretionary
MATV,MATIV HOLDINGS INC,Materials
CLDT,CHATHAM LODGING TRUST REIT,Real Estate
BANR,BANNER CORP,Financials
SIBN,SI BONE INC,Health Care
HROW,HARROW HEALTH INC,Health Care
WOOF,PETCO HEALTH AND WELLNESS COMPANY,Consumer Discretionary
CRAI,CRA INTERNATIONAL INC,Industrials
KURA,KURA ONCOLOGY INC,Health Care
CRSR,CORSAIR GAMING INC,Information Technology
UTL,UNITIL CORP,Utilities
PAYO,PAYONEER GLOBAL INC,Financials
OCFC,OCEANFIRST FINANCIAL CORP,Financials
ATEX,ANTERIX INC,Communication
VCTR,VICTORY CAPITAL HOLDINGS CLASS A I,Financials
PRLB,PROTO LABS INC,Industrials
PSTL,POSTAL REALTY TRUST INC CLASS A,Real Estate
BKD,BROOKDALE SENIOR LIVING INC,Health Care
AHCO,ADAPTHEALTH CORP,Health Care
ARDX,ARDELYX INC,Health Care
PCT,PURECYCLE TECHNOLOGIES INC,Materials
RGR,STURM RUGER INC,Consumer Discretionary
OFG,OFG BANCORP,Financials
GOGO,GOGO INC,Communication
NIC,NICOLET BANKSHARES INC,Financials
AMWL,AMERICAN WELL CORP CLASS A,Health Care
ASTE,ASTEC INDUSTRIES INC,Industrials
RDVT,RED VIOLET INC,Industrials
NRC,NATIONAL RESEARCH CORP,Health Care
PRAA,PRA GROUP INC,Financials
IIIN,INSTEEL INDUSTRIES INC,Industrials
RUSHB,RUSH ENTERPRISES INC CLASS B,Industrials
RNA,AVIDITY BIOSCIENCES INC,Health Care
PPC,PILGRIMS PRIDE CORP,Consumer Staples
HWKN,HAWKINS INC,Materials
SLP,SIMULATIONS PLUS INC,Health Care
NBN,NORTHEAST BANK,Financials
CRMT,AMERICAS CAR MART INC,Consumer Discretionary
COLL,COLLEGIUM PHARMACEUTICAL INC,Health Care
SCSC,SCANSOURCE INC,Information Technology
PDM,PIEDMONT OFFICE REALTY TRUST REIT,Real Estate
SAFT,SAFETY INSURANCE GROUP INC,Financials
OFIX,ORTHOFIX MEDICAL INC,Health Care
SPWR,SUNPOWER CORP,Industrials
VREX,VAREX IMAGING CORP,Health Care
INDI,INDIE SEMICONDUCTOR INC CLASS A,Information Technology
TRUP,TRUPANION INC,Financials
VTOL,BRISTOW GROUP INC,Energy
LOB,LIVE OAK BANCSHARES INC,Financials
CAC,CAMDEN NATIONAL CORP,Financials
REX,REX AMERICAN RESOURCES CORP,Energy
BKE,BUCKLE INC,Consumer Discretionary
ORC,ORCHID ISLAND CAPITAL INC,Financials
BJRI,BJS RESTAURANTS INC,Consumer Discretionary
AORT,ARTIVION INC,Health Care
NECB,NORTHEAST COMMUNITY BANCORP INC,Financials
MMI,MARCUS & MILLICHAP INC,Real Estate
LXRX,LEXICON PHARMACEUTICALS INC,Health Care
RPT,RPT REALTY,Real Estate
PL,PLANET LABS CLASS A,Industrials
IDYA,IDEAYA BIOSCIENCES INC,Health Care
TDS,TELEPHONE AND DATA SYSTEMS INC,Communication
NVTS,NAVITAS SEMICONDUCTOR CORP,Information Technology
IIIV,I3 VERTICALS INC CLASS A,Financials
SRCE,1ST SOURCE CORP,Financials
OSG,OVERSEAS SHIPHOLDING GROUP INC CLA,Energy
QURE,UNIQURE NV,Health Care
WW,WW INTERNATIONAL INC,Consumer Discretionary
CFFN,CAPITOL FEDERAL FINANCIAL INC,Financials
CBL,CBL ASSOCIATES PROPERTIES INC,Real Estate
TALO,TALOS ENERGY INC,Energy
TWST,TWIST BIOSCIENCE CORP,Health Care
PRDO,PERDOCEO EDUCATION CORP,Consumer Discretionary
MLAB,MESA LABORATORIES INC,Health Care
UI,UBIQUITI INC,Information Technology
ETD,ETHAN ALLEN INTERIORS INC,Consumer Discretionary
GABC,GERMAN AMERICAN BANCORP INC,Financials
SPNT,SIRIUSPOINT LTD,Financials
TRNS,TRANSCAT INC,Industrials
ALDX,ALDEYRA THERAPEUTICS INC,Health Care
NVEC,NVE CORP,Information Technology
FDMT,4D MOLECULAR THERAPEUTICS INC,Health Care
EIG,EMPLOYERS HOLDINGS INC,Financials
AOSL,ALPHA AND OMEGA SEMICONDUCTOR LTD,Information Technology
NHC,NATIONAL HEALTHCARE CORP,Health Care
UMH,UMH PROPERTIES INC,Real Estate
VERX,VERTEX INC CLASS A,Information Technology
BATRA,LIBERTY MEDIA LIBERTY BRAVES CORP,Communication
NX,QUANEX BUILDING PRODUCTS CORP,Industrials
SXC,SUNCOKE ENERGY INC,Materials
AEHR,AEHR TEST SYSTEMS,Information Technology
SPFI,SOUTH PLAINS FINANCIAL INC,Financials
CTKB,CYTEK BIOSCIENCES INC,Health Care
ICHR,ICHOR HOLDINGS LTD,Information Technology
HCAT,HEALTH CATALYST INC,Health Care
THRY,THRYV HOLDINGS INC,Communication
ESRT,EMPIRE STATE REALTY REIT INC TRUST,Real Estate
BBSI,BARRETT BUSINESS SERVICES INC,Industrials
DCOM,DIME COMMUNITY BANCSHARES INC,Financials
HTLD,HEARTLAND EXPRESS INC,Industrials
GPRE,GREEN PLAINS INC,Energy
LMND,LEMONADE INC,Financials
GSAT,GLOBALSTAR VOTING INC,Communication
SBGI,SINCLAIR BROADCAST GROUP INC CLASS,Communication
BXC,BLUELINX HOLDINGS INC,Industrials
CNXN,PC CONNECTION INC,Information Technology
LXFR,LUXFER HOLDINGS PLC,Industrials
MBIN,MERCHANTS BANCORP,Financials
SYM,SYMBOTIC CORP CLASS A,Industrials
KREF,KKR REAL ESTATE FINANCE INC TRUST,Financials
HPP,HUDSON PACIFIC PROPERTIES REIT INC,Real Estate
DSGR,DISTRIBUTION SOLUTIONS GROUP INC,Industrials
UTI,UNIVERSAL TECHNICAL INSTITUTE INC,Consumer Discretionary
TFSL,TFS FINANCIAL CORP,Financials
RYTM,RHYTHM PHARMACEUTICALS INC,Health Care
WABC,WESTAMERICA BANCORPORATION,Financials
ACT,ENACT HOLDINGS INC,Financials
FLGT,FULGENT GENETICS INC,Health Care
USNA,USANA HEALTH SCIENCES INC,Consumer Staples
NWFL,NORWOOD FINANCIAL CORP,Financials
KIDS,ORTHOPEDIATRICS CORP,Health Care
XPOF,XPONENTIAL FITNESS INC CLASS A,Consumer Discretionary
FLXS,FLEXSTEEL INDUSTRIES INC,Consumer Discretionary
PEBO,PEOPLES BANCORP INC,Financials
ALEC,ALECTOR INC,Health Care
VABK,VIRGINIA NATIONAL BANKSHARES CORP,Financials
RRBI,RED RIVER BANCSHARES INC,Financials
OVBC,OHIO VALLEY BANC CORP,Financials
STGW,STAGWELL INC CLASS A,Communication
LAND,GLADSTONE LAND REIT CORP,Real Estate
ARLO,ARLO TECHNOLOGIES INC,Information Technology
RICK,RCI HOSPITALITY HOLDINGS INC,Consumer Discretionary
TR,TOOTSIE ROLL INDUSTRIES INC,Consumer Staples
HOPE,HOPE BANCORP INC,Financials
FOR,FORESTAR GROUP INC,Real Estate
EFC,ELLINGTON FINANCIAL INC,Financials
ADTN,ADTRAN HOLDINGS INC,Information Technology
STC,STEWART INFO SERVICES CORP,Financials
IDT,IDT CORP CLASS B,Communication
DLX,DELUXE CORP,Industrials
TMP,TOMPKINS FINANCIAL CORP,Financials
GDOT,GREEN DOT CORP CLASS A,Financials
YORW,YORK WATER,Utilities
CVI,CVR ENERGY INC,Energy
CEVA,CEVA INC,Information Technology
ADPT,ADAPTIVE BIOTECHNOLOGIES CORP,Health Care
MIRM,MIRUM PHARMACEUTICALS INC,Health Care
SAH,SONIC AUTOMOTIVE INC CLASS A,Consumer Discretionary
ENTA,ENANTA PHARMACEUTICALS INC,Health Care
BRSP,BRIGHTSPIRE CAPITAL INC CLASS A,Financials
CSTL,CASTLE BIOSCIENCES INC,Health Care
INN,SUMMIT HOTEL PROPERTIES REIT INC,Real Estate
GNK,GENCO SHIPPING AND TRADING LTD,Industrials
SG,SWEETGREEN INC CLASS A,Consumer Discretionary
CTOS,CUSTOM TRUCK ONE SOURCE INC,Industrials
MTW,MANITOWOC INC,Industrials
FRAF,FRANKLIN FINANCIAL SERVICES CORP,Financials
EDIT,EDITAS MEDICINE INC,Health Care
WRBY,WARBY PARKER INC CLASS A,Consumer Discretionary
CTBI,COMMUNITY TRUST BANCORP INC,Financials
ECVT,ECOVYST INC,Materials
BLBD,BLUE BIRD CORP,Industrials
GTN,GRAY TELEVISION INC,Communication
BDN,BRANDYWINE REALTY TRUST REIT,Real Estate
RVLV,REVOLVE GROUP CLASS A INC,Consumer Discretionary
RWT,REDWOOD TRUST REIT INC,Financials
BANC,BANC OF CALIFORNIA INC,Financials
HMN,HORACE MANN EDUCATORS CORP,Financials
BYND,BEYOND MEAT INC,Consumer Staples
BFC,BANK FIRST CORP,Financials
VEL,VELOCITY FINANCIAL INC,Financials
TBI,TRUEBLUE INC,Industrials
KNTK,KINETIK HOLDINGS INC CLASS A,Energy
SWBI,SMITH WESSON BRANDS INC,Consumer Discretionary
ATRO,ASTRONICS CORP,Industrials
BLFS,BIOLIFE SOLUTIONS INC,Health Care
WRLD,WORLD ACCEPTANCE CORP,Financials
MITK,MITEK SYSTEMS INC,Information Technology
STEM,STEM INC,Industrials
ARKO,ARKO,Consumer Discretionary
CLPT,CLEARPOINT NEURO INC,Health Care
ARCT,ARCTURUS THERAPEUTICS HOLDINGS INC,Health Care
SPHR,SPHERE ENTERTAINMENT CLASS A,Communication
FC,FRANKLIN COVEY,Industrials
PUBM,PUBMATIC INC CLASS A,Communication
RILY,B RILEY FINANCIAL INC,Financials
HSTM,HEALTHSTREAM INC,Health Care
NGS,NATURAL GAS SERVICES GROUP INC,Energy
CNDT,CONDUENT INC,Industrials
INBX,INHIBRX INC,Health Care
OPK,OPKO HEALTH INC,Health Care
PUMP,PROPETRO HOLDING CORP,Energy
TITN,TITAN MACHINERY INC,Industrials
CBFV,CB FINANCIAL SERVICES INC,Financials
SBSI,SOUTHSIDE BANCSHARES INC,Financials
QTRX,QUANTERIX CORP,Health Care
EE,EXCELERATE ENERGY INC CLASS A,Energy
AVO,MISSION PRODUCE INC,Consumer Staples
NEXT,NEXTDECADE CORP,Energy
SANA,SANA BIOTECHNOLOGY INC,Health Care
LWLG,LIGHTWAVE LOGIC INC,Information Technology
PDLB,PONCE FINANCIAL GROUP INC,Financials
GIII,G III APPAREL GROUP LTD,Consumer Discretionary
JBI,JANUS INTERNATIONAL GROUP INC,Industrials
LFST,LIFESTANCE HEALTH GROUP INC,Health Care
NPK,NATIONAL PRESTO INDUSTRIES INC,Industrials
CBAN,COLONY BANKCORP INC,Financials
RES,RPC INC,Energy
MXCT,MAXCYTE INC,Health Care
RPAY,REPAY HOLDINGS CORP CLASS A,Financials
UVSP,UNIVEST FINANCIAL CORP,Financials
WASH,WASHINGTON TRUST BANCORP INC,Financials
LXU,LSB INDUSTRIES INC,Materials
FMBH,FIRST MID BANCSHARES INC,Financials
GOOD,GLADSTONE COMMERCIAL REIT CORP,Real Estate
HGTY,HAGERTY INC CLASS A,Financials
TTEC,TTEC HOLDINGS INC,Industrials
INTA,INTAPP INC,Information Technology
BZH,BEAZER HOMES INC,Consumer Discretionary
ACEL,ACCEL ENTERTAINMENT INC CLASS A,Consumer Discretionary
MVIS,MICROVISION INC,Information Technology
NVAX,NOVAVAX INC,Health Care
DYN,DYNE THERAPEUTICS INC,Health Care
WT,WISDOMTREE INC,Financials
GTX,GARRETT MOTION INC,Consumer Discretionary
KOP,KOPPERS HOLDINGS INC,Materials
LASR,NLIGHT INC,Information Technology
AVIR,ATEA PHARMACEUTICALS INC,Health Care
CLW,CLEARWATER PAPER CORP,Materials
CIR,CIRCOR INTERNATIONAL INC,Industrials
KRNY,KEARNY FINANCIAL CORP,Financials
TBPH,THERAVANCE BIOPHARMA INC,Health Care
RGP,RESOURCES CONNECTION INC,Industrials
CFFI,C AND F FINANCIAL CORP,Financials
PLOW,DOUGLAS DYNAMICS INC,Industrials
MBI,MBIA INC,Financials
AVPT,AVEPOINT INC CLASS A,Information Technology
ANIP,ANI PHARMACEUTICALS INC,Health Care
EBMT,EAGLE BANCORP MONTANA INC,Financials
HOV,HOVNANIAN ENTERPRISES INC CLASS A,Consumer Discretionary
FCF,FIRST COMMONWEALTH FINANCIAL CORP,Financials
CCSI,CONSENSUS CLOUD SOLUTIONS INC,Information Technology
HZO,MARINEMAX INC,Consumer Discretionary
BTAI,BIOXCEL THERAPEUTICS INC,Health Care
ALHC,ALIGNMENT HEALTHCARE INC,Health Care
COCO,THE VITA COCO COMPANY INC,Consumer Staples
CCO,CLEAR CHANNEL OUTDOOR HOLDINGS INC,Communication
SFBC,SOUND FINANCIAL BANCORP INC,Financials
ONEW,ONEWATER MARINE CLASS A INC,Consumer Discretionary
EBF,ENNIS INC,Industrials
PWP,PERELLA WEINBERG PARTNERS CLASS A,Financials
PCB,PCB BANCORP,Financials
BHR,BRAEMAR HOTELS RESORTS INC,Real Estate
UHT,UNIVERSAL HEALTH REALTY INCOME TRU,Real Estate
SMRT,SMARTRENT INC CLASS A,Information Technology
PLPC,PREFORMED LINE PRODUCTS,Industrials
AMTB,AMERANT BANCORP INC CLASS A,Financials
HCKT,HACKETT GROUP INC,Information Technology
ACHR,ARCHER AVIATION INC CLASS A,Industrials
CLBK,COLUMBIA FINANCIAL INC,Financials
ALKT,ALKAMI TECHNOLOGY INC,Information Technology
OCUL,OCULAR THERAPEUTIX INC,Health Care
STBA,S AND T BANCORP INC,Financials
BY,BYLINE BANCORP INC,Financials
RMNI,RIMINI STREET INC,Information Technology
POWL,POWELL INDUSTRIES INC,Industrials
XMTR,XOMETRY INC CLASS A,Industrials
MNTK,MONTAUK RENEWABLES INC,Utilities
FATE,FATE THERAPEUTICS INC,Health Care
VSEC,VSE CORP,Industrials
OFLX,OMEGA FLEX INC,Industrials
ACCO,ACCO BRANDS CORP,Industrials
KELYA,KELLY SERVICES INC CLASS A,Industrials
AMPY,AMPLIFY ENERGY CORP,Energy
ANIX,ANIXA BIOSCIENCES INC,Health Care
DBI,DESIGNER BRANDS INC CLASS A,Consumer Discretionary
OSBC,OLD SECOND BANCORP INC,Financials
MRBK,MERIDIAN CORP,Financials
DX,DYNEX CAPITAL REIT INC,Financials
NC,NACCO INDUSTRIES INC CLASS A,Energy
JOUT,JOHNSON OUTDOORS INC CLASS A,Consumer Discretionary
LTRX,LANTRONIX INC,Information Technology
JRVR,JAMES RIVER GROUP HOLDINGS LTD,Financials
OIS,OIL STATES INTERNATIONAL INC,Energy
MCFT,MASTERCRAFT BOAT HOLDINGS INC,Consumer Discretionary
LUNG,PULMONX CORP,Health Care
FLWS,1-800 FLOWERS.COM INC CLASS A,Consumer Discretionary
ANAB,ANAPTYSBIO INC,Health Care
KE,KIMBALL ELECTRONICS INC,Information Technology
ALLO,ALLOGENE THERAPEUTICS INC,Health Care
NTGR,NETGEAR INC,Information Technology
AGX,ARGAN INC,Industrials
MSBI,MIDLAND STATES BANCORP INC,Financials
ACRE,ARES COMMERCIAL REAL ESTATE REIT C,Financials
ALTG,ALTA EQUIPMENT GROUP INC CLASS A,Industrials
TWI,TITAN INTERNATIONAL INC,Industrials
AMPL,AMPLITUDE INC CLASS A,Information Technology
CNOB,CONNECTONE BANCORP INC,Financials
JMSB,JOHN MARSHALL BANCORP INC,Financials
CSV,CARRIAGE SERVICES INC,Consumer Discretionary
MDXG,MIMEDX GROUP INC,Health Care
CUBI,CUSTOMERS BANCORP INC,Financials
VTS,VITESSE ENERGY INC,Energy
ACRS,ACLARIS THERAPEUTICS INC,Health Care
TASK,TASKUS INC CLASS A,Industrials
GPRO,GOPRO INC CLASS A,Consumer Discretionary
ASPN,ASPEN AEROGELS INC,Materials
BELFB,BEL FUSE INC CLASS B,Information Technology
CTO,CTO REALTY GROWTH INC,Real Estate
BRKL,BROOKLINE BANCORP INC,Financials
MBWM,MERCANTILE BANK CORP,Financials
EZPW,EZCORP NON VOTING INC CLASS A,Financials
ANGO,ANGIODYNAMICS INC,Health Care
TIPT,TIPTREE INC,Financials
HY,HYSTER YALE MATERIALS HANDLING INC,Industrials
ANIK,ANIKA THERAPEUTICS INC,Health Care
UFCS,UNITED FIRE GROUP INC,Financials
MCS,THE MARCUS CORP,Communication
GRC,GORMAN-RUPP,Industrials
FRPH,FRP HOLDINGS INC,Real Estate
CCBG,CAPITAL CITY BANK INC,Financials
GCBC,GREENE COUNTY BANCORP INC,Financials
GCMG,GCM GROSVENOR INC CLASS A,Financials
GSBC,GREAT SOUTHERN BANCORP INC,Financials
PEBK,PEOPLES BANCORP OF NORTH CAROLINA,Financials
AVNW,AVIAT NETWORKS INC,Information Technology
FCBC,FIRST COMMUNITY BANKSHARES INC,Financials
XPER,XPERI INC,Information Technology
SSP,EW SCRIPPS CLASS A,Communication
ASTS,AST SPACEMOBILE INC CLASS A,Communication
UWMC,UWM HOLDINGS CORP CLASS A,Financials
CENX,CENTURY ALUMINUM,Materials
MCRB,SERES THERAPEUTICS INC,Health Care
AVD,AMER VANGUARD CORP,Materials
EGHT,8X8 INC,Information Technology
ZUMZ,ZUMIEZ INC,Consumer Discretionary
DOMO,DOMO INC CLASS B,Information Technology
SD,SANDRIDGE ENERGY INC,Energy
HCI,HCI GROUP INC,Financials
OSPN,ONESPAN INC,Information Technology
LOVE,LOVESAC COMPANY,Consumer Discretionary
BOC,BOSTON OMAHA CORP CLASS A,Communication
MYFW,FIRST WESTERN FINANCIAL INC,Financials
BRBS,BLUE RIDGE BANKSHARES INC,Financials
ARTNA,ARTESIAN RESOURCES CORP CLASS A,Utilities
AMCX,AMC NETWORKS CLASS A INC,Communication
HVT,HAVERTY FURNITURE COMPANIES INC,Consumer Discretionary
AUR,AURORA INNOVATION INC CLASS A,Industrials
BPRN,PRINCETON BANCORP INC,Financials
SRI,STONERIDGE INC,Consumer Discretionary
NRIX,NURIX THERAPEUTICS INC,Health Care
LILA,LIBERTY LATIN AMERICA LTD CLASS A,Communication
PLCE,CHILDRENS PLACE INC,Consumer Discretionary
CLFD,CLEARFIELD INC,Information Technology
PRPH,PROPHASE LABS INC,Health Care
FMAO,FARMERS AND MERCHANTS BANCORP INC,Financials
CYH,COMMUNITY HEALTH SYSTEMS INC,Health Care
QNST,QUINSTREET INC,Communication
CERS,CERUS CORP,Health Care
EGBN,EAGLE BANCORP INC,Financials
DMRC,DIGIMARC CORP,Information Technology
CAPR,CAPRICOR THERAPEUTICS INC,Health Care
BCML,BAYCOM CORP,Financials
BHB,BAR HARBOR BANKSHARES,Financials
CASS,CASS INFORMATION SYSTEMS INC,Financials
GDYN,GRID DYNAMICS HOLDINGS INC CLASS A,Information Technology
OABI,OMNIAB INC,Health Care
CMPX,COMPASS THERAPEUTICS,Health Care
UHAL,U HAUL HOLDING,Industrials
EGLE,EAGLE BULK SHIPPING INC,Industrials
TRTX,TPG RE FINANCE TRUST INC,Financials
RBBN,RIBBON COMMUNICATIONS INC,Information Technology
SENEA,SENECA FOODS CORP CLASS A,Consumer Staples
IVR,INVESCO MORTGAGE CAPITAL REIT INC,Financials
LYEL,LYELL IMMUNOPHARMA INC,Health Care
CATX,PERSPECTIVE THERAPEUTICS INC,Health Care
CDNA,CAREDX INC,Health Care
WSBF,WATERSTONE FINANCIAL INC,Financials
WTI,W AND T OFFSHORE INC,Energy
LQDA,LIQUIDIA CORP,Health Care
AXGN,AXOGEN INC,Health Care
UVE,UNIVERSAL INSURANCE HOLDINGS INC,Financials
VNDA,VANDA PHARMACEUTICALS INC,Health Care
ALCO,ALICO INC,Consumer Staples
JANX,JANUX THERAPEUTICS INC,Health Care
VANI,VIVANI MEDICAL INC,Health Care
MERC,MERCER INTERNATIONAL INC,Materials
CODA,CODA OCTOPUS GROUP INC,Information Technology
BALY,BALLY S CORP,Consumer Discretionary
ACET,ADICET BIO INC,Health Care
ARQT,ARCUTIS BIOTHERAPEUTICS INC,Health Care
VYGR,VOYAGER THERAPEUTICS INC,Health Care
VVX,V2X INC,Industrials
EWTX,EDGEWISE THERAPEUTICS INC,Health Care
CHRS,COHERUS BIOSCIENCES INC,Health Care
TILE,INTERFACE INC,Industrials
ERAS,ERASCA INC,Health Care
CRGY,CRESCENT ENERGY CLASS A,Energy
DCO,DUCOMMUN INC,Industrials
TCMD,TACTILE SYSTEMS TECHNOLOGY INC,Health Care
DH,DEFINITIVE HEALTHCARE CORP CLASS A,Health Care
FG,F&G ANNUITIES AND LIFE INC,Financials
EBS,EMERGENT BIOSOLUTIONS INC,Health Care
PETS,PETMED EXPRESS INC,Consumer Discretionary
MLR,MILLER INDUSTRIES INC,Industrials
PAHC,PHIBRO ANIMAL HEALTH CORP CLASS A,Health Care
PGC,PEAPACK GLADSTONE FINANCIAL CORP,Financials
XERS,XERIS BIOPHARMA HOLDINGS INC,Health Care
BMRC,BANK OF MARIN BANCORP,Financials
CCB,COASTAL FINANCIAL CORP,Financials
BFST,BUSINESS FIRST BANCSHARES INC,Financials
IBCP,INDEPENDENT BANK CORP,Financials
MGNX,MACROGENICS INC,Health Care
SMBK,SMARTFINANCIAL INC,Financials
ULCC,FRONTIER GROUP HOLDINGS INC,Industrials
GCO,GENESCO INC,Consumer Discretionary
SMHI,SEACOR MARINE HOLDINGS INC,Energy
EGY,VAALCO ENERGY INC,Energy
BFS,SAUL CENTERS REIT INC,Real Estate
FUBO,FUBOTV INC,Communication
EQBK,EQUITY BANCSHARES INC CLASS A,Financials
DXPE,DXP ENTERPRISES INC,Industrials
OLP,ONE LIBERTY PROPERTIES REIT INC,Real Estate
OMER,OMEROS CORP,Health Care
CCNE,CNB FINANCIAL CORP,Financials
CECO,CECO ENVIRONMENTAL CORP,Industrials
HBNC,HORIZON BANCORP INC,Financials
HFWA,HERITAGE FINANCIAL CORP,Financials
THFF,FIRST FINANCIAL CORPORATION INDIAN,Financials
AGEN,AGENUS INC,Health Care
AROW,ARROW FINANCIAL CORP,Financials
WLFC,WILLIS LEASE FINANCE CORP,Industrials
DOUG,DOUGLAS ELLIMAN INC,Real Estate
EOLS,EVOLUS INC,Health Care
LYTS,LSI INDUSTRIES INC,Industrials
NRIM,NORTHRIM BANCORP INC,Financials
VPG,VISHAY PRECISION GROUP INC,Information Technology
ATNI,ATN INTERNATIONAL INC,Communication
CARE,CARTER BANKSHARES INC,Financials
OSUR,ORASURE TECHNOLOGIES INC,Health Care
INSE,INSPIRED ENTERTAINMENT INC,Consumer Discretionary
FNKO,FUNKO INC CLASS A,Consumer Discretionary
GEVO,GEVO INC,Energy
CDRE,CADRE HOLDINGS INC,Industrials
DHC,DIVERSIFIED HEALTHCARE TRUST,Real Estate
BW,BABCOCK AND WILCOX ENTERPRISES INC,Industrials
ACMR,ACM RESEARCH CLASS A INC,Information Technology
GDRX,GOODRX HOLDINGS INC CLASS A,Health Care
FDBC,FIDELITY D AND D BANCORP INC,Financials
EVGO,EVGO INC CLASS A,Consumer Discretionary
CVLG,COVENANT LOGISTICS GROUP INC CLASS,Industrials
ONL,ORION OFFICE REIT INC,Real Estate
ZVRA,ZEVRA THERAPEUTICS INC,Health Care
MCB,METROPOLITAN BANK HOLDING CORP,Financials
PNTG,PENNANT GROUP INC,Health Care
NAUT,NAUTILUS BIOTECHNOLGY INC,Health Care
BAND,BANDWIDTH INC CLASS A,Communication
NRDS,NERDWALLET INC CLASS A,Financials
GIC,GLOBAL INDUSTRIAL,Industrials
SENS,SENSEONICS HOLDINGS INC,Health Care
MOV,MOVADO GROUP INC,Consumer Discretionary
UIS,UNISYS CORP,Information Technology
VITL,VITAL FARMS INC,Consumer Staples
PTN,PALATIN TECHNOLOGIES INC,Health Care
EXFY,EXPENSIFY INC CLASS A,Information Technology
CMTL,COMTECH TELECOMMUNICATIONS CORP,Information Technology
SMBC,SOUTHERN MISSOURI BANCORP INC,Financials
CATO,CATO CORP CLASS A,Consumer Discretionary
RBB,RBB BANCORP,Financials
HIFS,HINGHAM INSTITUTION FOR SAVINGS,Financials
OPI,OFFICE PROPERTIES INCOME TRUST,Real Estate
ABUS,ARBUTUS BIOPHARMA CORP,Health Care
CTXR,CITIUS PHARMACEUTICALS INC,Health Care
FORR,FORRESTER RESEARCH INC,Industrials
KODK,EASTMAN KODAK,Information Technology
IBRX,IMMUNITYBIO INC,Health Care
IHRT,IHEARTMEDIA INC CLASS A,Communication
CLOV,CLOVER HEALTH INVESTMENTS CORP CLA,Health Care
RCEL,AVITA MEDICAL INC,Health Care
BFLY,BUTTERFLY NETWORK INC CLASS A,Health Care
MPB,MID PENN BANCORP INC,Financials
IVVD,INVIVYD INC,Health Care
RYAM,RAYONIER ADVANCED MATERIALS INC,Materials
PLBC,PLUMAS BANCORP,Financials
SRG,SERITAGE GROWTH PROPERTIES CLA,Real Estate
HPK,HIGHPEAK ENERGY INC,Energy
STHO,STAR HOLDINGS SHARES OF BENEFICIAL,Real Estate
AMAL,AMALGAMATED FINANCIAL,Financials
OPY,OPPENHEIMER HOLDINGS NON VOTING IN,Financials
NWPX,NORTHWEST PIPE,Industrials
OOMA,OOMA INC,Communication
BOOM,DMC GLOBAL INC,Energy
HIPO,HIPPO HOLDINGS INC,Financials
ALRS,ALERUS FINANCIAL CORP,Financials
FBIZ,FIRST BUSINESS FINANCIAL SERVICES,Financials
TPB,TURNING POINT BRANDS INC,Consumer Staples
SPRY,ARS PHARMACEUTICALS INC,Health Care
BLNK,BLINK CHARGING,Industrials
TH,TARGET HOSPITALITY CORP,Consumer Discretionary
BBW,BUILD A BEAR WORKSHOP INC,Consumer Discretionary
CRCT,CRICUT INC CLASS A,Consumer Discretionary
NKSH,NATIONAL BANKSHARES INC,Financials
GNE,GENIE ENERGY LTD CLASS B,Utilities
INTZ,INTRUSION INC,Information Technology
INBK,FIRST INTERNET BANCORP,Financials
BSET,BASSETT FURNITURE INDUSTRIES INC,Consumer Discretionary
VUZI,VUZIX CORP,Consumer Discretionary
TPC,TUTOR PERINI CORP,Industrials
SGHT,SIGHT SCIENCES INC,Health Care
STOK,STOKE THERAPEUTICS INC,Health Care
ALX,ALEXANDERS REIT INC,Real Estate
HDSN,HUDSON TECHNOLOGIES INC,Industrials
EVC,ENTRAVISION COMMUNICATIONS CORP CL,Communication
GRWG,GROWGENERATION CORP,Consumer Discretionary
MUX,MCEWEN MINING INC,Materials
EPM,EVOLUTION PETROLEUM CORP,Energy
SLDP,SOLID POWER INC CLASS A,Consumer Discretionary
SHBI,SHORE BANCSHARES INC,Financials
RMR,RMR GROUP INC CLASS A,Real Estate
SES,SES AI CORP CLASS A,Industrials
SFIX,STITCH FIX INC CLASS A,Consumer Discretionary
ANNX,ANNEXON INC,Health Care
LIND,LINDBLAD EXPEDITIONS HOLDINGS INC,Consumer Discretionary
ORGO,ORGANOGENESIS HOLDINGS INC CLASS A,Health Care
CLPR,CLIPPER REALTY INC,Real Estate
SLQT,SELECTQUOTE INC,Financials
ALT,ALTIMMUNE INC,Health Care
ATOM,ATOMERA INC,Information Technology
ANGI,ANGI INC CLASS A,Communication
BGSF,BGSF INC,Industrials
KRUS,KURA SUSHI USA INC,Consumer Discretionary
TRDA,ENTRADA THERAPEUTICS INC,Health Care
TRC,TEJON RANCH,Real Estate
BWFG,BANKWELL FINANCIAL GROUP INC,Financials
DXLG,DESTINATION XL GROUP INC,Consumer Discretionary
FISI,FINANCIAL INSTITUTIONS INC,Financials
BWB,BRIDGEWATER BANCSHARES INC,Financials
ORRF,ORRSTOWN FINANCIAL SERVICES INC,Financials
TREE,LENDINGTREE INC,Financials
TDUP,THREDUP INC CLASS A,Consumer Discretionary
WVE,WAVE LIFE SCIENCES LTD,Health Care
WGS,GENEDX HOLDINGS CORP CLASS A,Health Care
SRRK,SCHOLAR ROCK HOLDING CORP,Health Care
SFST,SOUTHERN FIRST BANCSHARES INC,Financials
IMMR,IMMERSION CORP,Information Technology
RSI,RUSH STREET INTERACTIVE INC CLASS,Consumer Discretionary
CZNC,CITIZENS AND NORTHERN CORP,Financials
INGN,INOGEN INC,Health Care
CGEM,CULLINAN ONCOLOGY INC,Health Care
SSTI,SOUNDTHINKING INC,Information Technology
HYLN,HYLIION HOLDINGS CORP CLASS A,Industrials
KPTI,KARYOPHARM THERAPEUTICS INC,Health Care
PHAT,PHATHOM PHARMACEUTICALS INC,Health Care
OVLY,OAK VALLEY BANCORP,Financials
PRPL,PURPLE INNOVATION INC,Consumer Discretionary
ATRA,ATARA BIOTHERAPEUTICS INC,Health Care
BNGO,BIONANO GENOMICS INC,Health Care
CRBU,CARIBOU BIOSCIENCES INC,Health Care
CDLX,CARDLYTICS INC,Communication
EHTH,EHEALTH INC,Financials
GLUE,MONTE ROSA THERAPEUTICS INC,Health Care
BYRN,BYRNA TECHNOLOGIES INC,Industrials
APYX,APYX MEDICAL CORP,Health Care
MVBF,MVB FINANCIAL CORP,Financials
PCYO,PURE CYCLE CORP,Utilities
CPS,COOPER STANDARD HOLDINGS INC,Consumer Discretionary
EGRX,EAGLE PHARMACEUTICALS INC,Health Care
HNRG,HALLADOR ENERGY,Energy
CRMD,CORMEDIX INC,Health Care
CIVB,CIVISTA BANCSHARES INC,Financials
VXRT,VAXART INC,Health Care
FRST,PRIMIS FINANCIAL CORP,Financials
INVE,IDENTIV INC,Information Technology
LMNR,LIMONEIRA,Consumer Staples
INO,INOVIO PHARMACEUTICALS INC,Health Care
FLL,FULL HOUSE RESORTS INC,Consumer Discretionary
WLDN,WILLDAN GROUP INC,Industrials
NKTX,NKARTA INC,Health Care
MTRX,MATRIX SERVICE,Industrials
DGICA,DONEGAL GROUP INC CLASS A,Financials
PDSB,PDS BIOTECHNOLOGY CORP,Health Care
EVER,EVERQUOTE INC CLASS A,Communication
AKTS,AKOUSTIS TECHNOLOGIES INC,Information Technology
OUST,OUSTER INC CLASS A,Information Technology
MASS,908 DEVICES,Information Technology
HOFT,HOOKER FURNISHINGS CORP,Consumer Discretionary
CDZI,CADIZ INC,Utilities
LAB,STANDARD BIOTOOLS INC,Health Care
LCTX,LINEAGE CELL THERAPEUTICS INC,Health Care
COOK,TRAEGER INC,Consumer Discretionary
OCGN,OCUGEN INC,Health Care
PGEN,PRECIGEN INC,Health Care
PRTS,CARPARTS COM INC,Consumer Discretionary
DHX,DHI GROUP INC,Communication
MAX,MEDIAALPHA INC CLASS A,Communication
HRTX,HERON THERAPEUTICS INC,Health Care
VOR,VOR BIOPHARMA INC,Health Care
STKS,ONE GROUP HOSPITALITY INC,Consumer Discretionary
BCBP,BCB BANCORP INC,Financials
PACK,RANPAK HOLDINGS CORP CLASS A,Materials
HFFG,HF FOODS GROUP INC,Consumer Staples
NKTR,NEKTAR THERAPEUTICS,Health Care
AXTI,AXT INC,Information Technology
OVID,OVID THERAPEUTICS INC,Health Care
EGAN,EGAIN CORP,Information Technology
WKHS,WORKHORSE GROUP INC,Consumer Discretionary
CCCC,C4 THERAPEUTICS INC,Health Care
GHM,GRAHAM CORP,Industrials
VERI,VERITONE INC,Information Technology
CUE,CUE BIOPHARMA INC,Health Care
FULC,FULCRUM THERAPEUTICS INC,Health Care
AHT,ASHFORD HOSPITALITY TRUST REIT INC,Real Estate
ACTG,ACACIA RESEARCH CORP,Financials
PRCH,PORCH GROUP INC,Information Technology
ATNM,ACTINIUM PHARMACEUTICALS INC,Health Care
APEI,AMERICAN PUBLIC EDUCATION INC,Consumer Discretionary
CLSK,CLEANSPARK INC,Information Technology
GSIT,GSI TECHNOLOGY INC,Information Technology
PESI,PERMA FIX ENVIRONMENTAL SERVICES I,Industrials
BEEM,BEAM GLOBAL,Industrials
TWIN,TWIN DISC INC,Industrials
GOSS,GOSSAMER BIO INC,Health Care
SWIM,LATHAM GROUP INC,Consumer Discretionary
XAIR,BEYOND AIR INC,Health Care
AEVA,AEVA TECHNOLOGIES INC,Information Technology
QUAD,QUAD GRAPHICS INC CLASS A,Industrials
XXII,22ND CENTURY GROUP INC,Consumer Staples
MITT,AG MORTGAGE INVESTMENT TRUST REIT,Financials
NATR,NATURES SUNSHINE PRODUCTS INC,Consumer Staples
AOUT,AMERICAN OUTDOOR BRANDS INC,Consumer Discretionary
GNSS,GENASYS INC,Information Technology
ASUR,ASURE SOFTWARE INC,Industrials
STXS,STEREOTAXIS INC,Health Care
LTCH,LATCH INC,Information Technology
PBYI,PUMA BIOTECHNOLOGY INC,Health Care
CHMI,CHERRY HILL MORTGAGE INVESTMENT RE,Financials
CRIS,CURIS INC,Health Care
CWBC,COMMUNITY WEST BANCSHARES,Financials
CTSO,CYTOSORBENTS CORP,Health Care
CABA,CABALETTA BIO INC,Health Care
BWEN,BROADWIND INC,Industrials
INSG,INSEEGO CORP,Information Technology
VRM,VROOM INC,Consumer Discretionary
RXT,RACKSPACE TECHNOLOGY INC,Information Technology
HNST,THE HONEST COMPANY INC,Consumer Staples
SPRU,SPRUCE POWER HOLDING CORP,Utilities
EARN,ELLINGTON RESIDENTIAL MORTGAGE REI,Financials
ASYS,AMTECH SYSTEMS INC,Information Technology
RLMD,RELMADA THERAPEUTICS INC,Health Care
UPLD,UPLAND SOFTWARE INC,Information Technology
METC,RAMACO RESOURCES INC,Materials
SVRA,SAVARA INC,Health Care
RNGR,RANGER ENERGY SERVICES INC,Energy
SPRO,SPERO THERAPEUTICS INC,Health Care
PSNL,PERSONALIS INC,Health Care
DTIL,PRECISION BIOSCIENCES INC,Health Care
MNOV,MEDICINOVA INC,Health Care
KRMD,KORU MEDICAL SYSTEMS INC,Health Care
TACT,TRANSACT TECHNOLOGIES INC,Information Technology
MAPS,WM TECHNOLOGY INC CLASS A,Information Technology
ORN,ORION GROUP INC,Industrials
NDLS,NOODLES CLASS A,Consumer Discretionary
CRDF,CARDIFF ONCOLOGY INC,Health Care
GALT,GALECTIN THERAPEUTICS INC,Health Care
VERU,VERU INC,Consumer Staples
VSTM,VERASTEM INC,Health Care
GORO,GOLD RESOURCE CORP,Materials
FBIO,FORTRESS BIOTECH INC,Health Care
STTK,SHATTUCK LABS INC,Health Care
HEPA,HEPION PHARMACEUTICALS INC,Health Care
MCHX,MARCHEX INC CLASS B,Communication
BNED,BARNES AND NOBLE EDUCATION INC,Consumer Discretionary
BCLI,BRAINSTORM CELL THERAPEUTICS INC,Health Care
LTBR,LIGHTBRIDGE CORP,Energy
BOLT,BOLT BIOTHERAPEUTICS INC,Health Care
REAL,THE REALREAL INC,Consumer Discretionary
PXLW,PIXELWORKS INC,Information Technology
QRHC,QUEST RESOURCE HOLDING CORP,Industrials
XBIT,XBIOTECH INC,Health Care
PHUN,PHUNWARE INC,Information Technology
SCOR,COMSCORE INC,Communication
FXNC,FIRST NATIONAL CORP,Financials
OESX,ORION ENERGY SYSTEMS INC,Industrials
UAVS,AGEAGLE AERIAL SYS INC,Industrials
PLBY,PLBY GROUP INC,Consumer Discretionary
HYFM,HYDROFARM HOLDINGS GROUP INC,Industrials
CARM,CARISMA THERAPEUTICS INC,Health Care
XFOR,X4 PHARMACEUTICALS INC,Health Care
FTK,FLOTEK INDUSTRIES INC,Materials
NXTC,NEXTCURE INC,Health Care
AAOI,APPLIED OPTOELECTRONICS INC,Information Technology
BDTX,BLACK DIAMOND THERAPEUTICS INC,Health Care
INMB,INMUNE BIO INC,Health Care
NNBR,NN INC,Industrials
ETON,ETON PHARMACEUTCIALS INC,Health Care
IZEA,IZEA WORLDWIDE INC,Communication
WULF,TERAWULF INC,Information Technology
RAIL,FREIGHTCAR AMERICA INC,Industrials
AP,AMPCO PITTSBURGH CORP,Materials
CRVS,CORVUS PHARMACEUTICALS INC,Health Care
REFR,RESEARCH FRONT INC,Information Technology
IDN,INTELLICHECK INC,Information Technology
TELA,TELA BIO INC,Health Care
HYMC,HYCROFT MINING HOLDING CLASS A,Materials
IRIX,IRIDEX CORP,Health Care
FTEK,FUEL TECH INC,Industrials
ATER,ATERIAN INC,Consumer Discretionary
FCAP,FIRST CAPITAL INC,Financials
OSS,ONE STOP SYSTEMS INC,Information Technology
DMAC,DIAMEDICA THERAPEUTICS INC,Health Care
VTGN,VISTAGEN THERAPEUTICS INC,Health Care
UAMY,UNITED STATES ANTIMONY CORP,Materials
PASG,PASSAGE BIO INC,Health Care
SLDB,SOLID BIOSCIENCES INC,Health Care
OMEX,ODYSSEY MARINE EXPLORATION INC,Industrials
CFBK,CF BANKSHARES INC,Financials
NTIC,NORTHERN TECHNOLOGIES INTERNATIONA,Materials
QUIK,QUICKLOGIC CORP,Information Technology
SMSI,SMITH MICRO SOFTWARE INC,Information Technology
WWR,WESTWATER RESOURCES INC,Industrials
CCLD,CARECLOUD INC,Health Care
XPL,SOLITARIO ZINC CORP,Materials
VHC,VIRNETX HOLDING CORP,Information Technology
DYAI,DYADIC INTERNATIONAL INC,Health Care
ZDGE,ZEDGE INC CLASS B,Communication
AQST,AQUESTIVE THERAPEUTICS INC,Health Care
IMUX,IMMUNIC INC,Health Care
SEAC,SEACHANGE INTERNATIONAL INC,Information Technology
RMTI,ROCKWELL MEDICAL INC,Health Care
NEON,NEONODE INC,Information Technology
VNRX,VOLITIONRX LTD,Health Care
NERV,MINERVA NEUROSCIENCES INC,Health Care
AUMN,GOLDEN MINERALS,Materials
USIO,USIO INC,Financials
UNB,UNION BANKSHARES INC,Financials
AEYE,AUDIOEYE INC,Information Technology
LIFE,ATYR PHARMA INC,Health Care
XGN,EXAGEN INC,Health Care
LARK,LANDMARK BANCORP INC,Financials
AFIB,ACUTUS MEDICAL INC,Health Care
WATT,ENERGOUS CORP,Industrials
CIZN,CITIZENS HOLDING,Financials
BELFA,BEL FUSE INC CLASS A,Information Technology
PDEX,PRO DEX INC,Health Care
KINS,KINGSTONE COMPANIES INC,Financials
TISI,TEAM INC,Industrials
TARA,PROTARA THERAPEUTICS INC,Health Care
IGC,IGC PHARMA INC,Industrials
TNXP,TONIX PHARMACEUTICALS HOLDING CORP,Health Care
IMNN,IMUNON INC,Health Care
AUBN,AUBURN NATIONAL BANCORPORATION INC,Financials
ECOR,ELECTROCORE,Health Care
BKSC,BANK OF SOUTH CAROLINA,Financials
CPHC,CANTERBURY PARK HOLDING CORP,Consumer Discretionary
ORGS,ORGENESIS INC,Health Care
BMRA,BIOMERICA INC,Health Care
TAYD,TAYLOR DEVICES INC,Industrials
LPTH,LIGHTPATH TECHNOLOGIES INC CLASS A,Information Technology
SSBI,SUMMIT STATE BANK,Financials
AVTX,AVALO THERAPEUTICS INC,Health Care
GEG,GREAT ELM GROUP INC,Health Care
BYFC,BROADWAY FINANCIAL CORP,Financials
TRVI,TREVI THERAPEUTICS INC,Health Care
BCOW,1895 BANCORP OF WISCONSIN INC,Financials
ROOT,ROOT INC CLASS A,Financials
FSEA,FIRST SEACOAST BANCORP INC,Financials
XCUR,EXICURE INC,Health Care
CZWI,CITIZENS COMMUNITY BANCORP INC,Financials
NAII,NATURAL ALTERNATIVES INTERNATIONAL,Consumer Staples
IPWR,IDEAL POWER INC,Industrials
INUV,INUVO INC,Information Technology
FBRX,FORTE BIOSCIENCES INC,Health Care
INKT,MINK THERAPEUTICS INC,Health Care
LSBK,LAKE SHORE BANCORP INC,Financials
BOTJ,BANK OF THE JAMES FINANCIAL GROUP,Financials
VTVT,VTV THERAPEUTICS INC CLASS A,Health Care
CSPI,CSP INC,Information Technology
HFBL,HOME FEDERAL BANCORP INC,Financials
JRSH,JERASH HOLDINGS US INC,Consumer Discretionary
MGYR,MAGYAR BANCORP INC,Financials
PBHC,PATHFINDER BANCORP INC,Financials
AXR,AMREP CORP,Real Estate
ELOX,ELOXX PHARMACEUTICALS INC,Health Care
AIRT,AIR T INC,Industrials
CLIR,CLEARSIGN TECHNOLOGIES CORP,Information Technology
MLSS,MILESTONE SCIENTIFIC INC,Health Care
ESP,ESPEY MANUFACTURING AND ELECTRONIC,Industrials
LGL,LGL GROUP INC,Information Technology
LSTA,LISATA THERAPEUTICS INC,Health Care
OIG,ORBITAL INFRASTRUCTURE GROUP INC,Industrials
ERNA,ETERNA THERAPEUTICS INC,Health Care
AYTU,AYTU BIOPHARMA INC,Health Care
APRE,APREA THERAPEUTICS INC,Health Care
OGEN,ORAGENICS INC,Health Care
MTEX,MANNATECH INC,Consumer Staples
ICCC,IMMUCELL CORP,Health Care
ABEO,ABEONA THERAPEUTICS INC,Health Care
OFED,OCONEE FEDERAL FINANCIAL CORP,Financials
EQ,EQUILLIUM INC,Health Care
CYCN,CYCLERION THERAPEUTICS INC,Health Care
LOAN,MANHATTAN BRIDGE CAPITAL INC,Financials
KEQU,KEWAUNEE SCIENTIFIC CORP,Health Care
LRMR,LARIMAR THERAPEUTICS INC,Health Care
AIM,AIM IMMUNOTECH INC,Health Care
INTG,INTERGROUP CORP,Real Estate
MBRX,MOLECULIN BIOTECH INC,Health Care
LIQT,LIQTECH INTERNATIONAL INC,Industrials
CIX,COMPX INTERNATIONAL INC,Industrials
TRVN,TREVENA INC,Health Care
WVVI,WILLAMETTE VALLEY VINEYARDS INC,Consumer Staples
KFFB,KENTUCKY FIRST FEDERAL BANCORP,Financials
NEPH,NEPHROS INC,Consumer Discretionary
GLBZ,GLEN BURIE BANCORP,Financials
MAYS,J W MAYS INC,Real Estate
VNCE,VINCE HOLDING CORP,Consumer Discretionary
ARKR,ARK RESTAURANTS CORP,Consumer Discretionary
RAVE,RAVE RESTAURANT GROUP INC,Consumer Discretionary
BDL,FLANIGANS ENTERPRISES INC,Consumer Discretionary
DOMH,DOMINARI HOLDINGS INC,Health Care
MIND,MIND TECHNOLOGY INC,Energy
MARK,REMARK HOLDINGS INC,Information Technology
SINT,SINTX TECHNOLOGIES INC,Health Care
THMO,THERMOGENESIS HOLDINGS INC,Health Care
KPRX,KIORA PHARMACEUTICALS INC,Health Care
PULM,PULMATRIX INC,Health Care
LGMK,LOGICMARK INC,Health Care
SLS,SELLAS LIFE SCIENCES GROUP INC,Health Care
ONTX,ONCONOVA THERAPEUTICS INC,Health Care
YCBD,CBDMD INC,Health Care
VISL,VISLINK TECHNOLOGIES INC,Information Technology
ARMP,ARMATA PHARMACEUTICALS INC,Health Care
JAGX,JAGUAR HEALTH INC,Health Care
CLRB,CELLECTAR BIOSCIENCES INC,Health Care
EFOI,ENERGY FOCUS INC,Industrials
OPTT,OCEAN POWER TECHNOLOGIES INC,Industrials
MSN,EMERSON RADIO CORP,Consumer Discretionary
MRKR,MARKER THERAPEUTICS INC,Health Care
ENSV,ENSERVCO CORP,Energy
CPIX,CUMBERLAND PHARMACEUTICALS INC,Health Care
ARDS,ARIDIS PHARMACEUTICALS INC,Health Care
XWEL,XWELL INC,Consumer Discretionary
DSS,DSS INC,Industrials
CLRO,CLEARONE INC,Information Technology
BRN,BARNWELL INDUSTRIES INC,Energy
LNSR,LENSAR INC,Health Care
MBIO,MUSTANG BIO INC,Health Care
LPCN,LIPOCINE INC,Health Care
AWRE,AWARE INC,Information Technology
MNTS,MOMENTUS ORS CLASS A INC,Industrials
RGS,REGIS CORP,Consumer Discretionary
ELDN,ELEDON PHARMACEUTICALS INC,Health Care
OCC,OPTICAL CABLE CORP,Information Technology
ULBI,ULTRALIFE CORP,Industrials
DAIO,DATA I O CORP,Information Technology
QNCX,QUINCE THERAPEUTICS INC,Health Care
PZG,PARAMOUNT GOLD NEVADA CORP,Materials
OWLT,OWLET INC CLASS A,Health Care
CSBR,CHAMPIONS ONCOLOGY INC,Health Care
CODX,CO DIAGNOSTICS INC,Health Care
LIDR,AEYE INC CLASS A,Information Technology
GAIA,GAIA INC CLASS A,Communication
PRLD,PRELUDE THERAPEUTICS INC,Health Care
BKTI,BK TECHNOLOGIES CORP,Information Technology
RMCF,ROCKY MOUNTAIN CHOCOLATE FACTORY I,Consumer Staples
PPSI,PIONEER POWER SOLUTIONS INC,Industrials
AQB,AQUABOUNTY TECHNOLOGIES INC,Health Care
PAVM,PAVMED INC,Health Care
MBOT,MICROBOT MEDICAL INC,Health Care
FIXX,HOMOLOGY MEDICINES INC,Health Care
ASMB,ASSEMBLY BIOSCIENCES INC,Health Care
SANW,S&W SEED,Consumer Staples
FEIM,FREQUENCY ELECTRONICS INC,Information Technology
NINE,NINE ENERGY SERVICE INC,Energy
CURI,CURIOSITYSTREAM INC CLASS A,Communication
CULP,CULP INC,Consumer Discretionary
FUSB,FIRST US BANCSHARES INC,Financials
UP,WHEELS UP EXPERIENCE INC CLASS A,Industrials
SYRS,SYROS PHARMACEUTICALS INC,Health Care
TSHA,TAYSHA GENE THERAPIES INC,Health Care
VTSI,VIRTRA INC,Industrials
BBIG,VINCO VENTURES INC,Communication
TOVX,THERIVA BIOLOGICS INC,Health Care
TZOO,TRAVELZOO,Communication
REKR,REKOR SYSTEMS INC,Information Technology
DSP,VIANT TECHNOLOGY INC CLASS A,Information Technology
ASPS,ALTISOURCE PORTFOLIO SOLUTIONS SA,Real Estate
AQMS,AQUA METALS INC,Industrials
XTNT,XTANT MEDICAL HOLDINGS INC,Health Care
LFMD,LIFEMD INC,Health Care
STIM,NEURONETICS INC,Health Care
DARE,DARE BIOSCIENCE INC,Health Care
CRBP,CORBUS PHARMACEUTICALS HOLDINGS IN,Health Care
MTNB,MATINAS BIOPHARMA HOLDINGS INC,Health Care
SIEB,SIEBERT FINANCIAL CORP,Financials
ELMD,ELECTROMED INC,Health Care
UBCP,UNITED BANCORP INC,Financials
TUSK,MAMMOTH ENERGY SERVICES INC,Energy
FEAM,5E ADVANCED MATERIALS INC,Materials
PAYS,PAYSIGN INC,Financials
IBIO,IBIO INC,Health Care
PRSO,PERASO INC,Information Technology
GNLN,GREENLANE HOLDINGS INC CLASS A,Consumer Discretionary
GRPN,GROUPON INC,Consumer Discretionary
QMCO,QUANTUM CORP,Information Technology
RGTI,RIGETTI COMPUTING INC,Information Technology
SCYX,SCYNEXIS INC,Health Care
ANVS,ANNOVIS BIO INC,Health Care
LVO,LIVEONE INC,Communication
AEMD,AETHLON MEDICAL INC,Health Care
KALA,KALA PHARMACEUTICALS INC,Health Care
GEOS,GEOSPACE TECHNOLOGIES CORP,Energy
ILPT,INDUSTRIAL LOGISTICS PROPERTIES TR,Real Estate
UG,UNITED GUARDIAN INC,Consumer Staples
BCAB,BIOATLA INC,Health Care
TLS,TELOS CORPORATION CORP,Information Technology
HWBK,HAWTHORN BANCSHARES INC,Financials
NRGV,ENERGY VAULT HOLDINGS INC,Industrials
KVHI,KVH INDUSTRIES INC,Information Technology
CVM,CEL SCI CORP,Health Care
SGA,SAGA COMMUNICATIONS INC CLASS A,Communication
TCRT,ALAUNOS THERAPEUTICS INC,Health Care
IPI,INTREPID POTASH INC,Materials
KLXE,KLX ENERGY SERVICES HOLDINGS INC,Energy
QSI,QUANTUM SI INC CLASS A,Health Care
BIRD,ALLBIRDS INC CLASS A,Consumer Discretionary
EOSE,EOS ENERGY ENTERPRISES INC CLASS A,Industrials
AMSC,AMERICAN SUPERCONDUCTOR CORP,Industrials
TPST,TEMPEST THERAPEUTICS INC,Health Care
CDXS,CODEXIS INC,Health Care
JAN,JANONE INC,Industrials
POWW,AMMO INC,Consumer Discretionary
CETX,CEMTREX INC,Information Technology
KOPN,KOPIN CORP,Information Technology
SEER,SEER INC CLASS A,Health Care
SPWH,SPORTSMANS WAREHOUSE HOLDINGS INC,Consumer Discretionary
OLMA,OLEMA PHARMACEUTICALS INC,Health Care
MPAA,MOTORCAR PARTS OF AMERICA INC,Consumer Discretionary
ALXO,ALX ONCOLOGY HOLDINGS INC,Health Care
SND,SMART SAND INC,Energy
BVS,BIOVENTUS CLASS A INC,Health Care
KOD,KODIAK SCIENCES INC,Health Care
TNGX,TANGO THERAPEUTICS INC,Health Care
HLLY,HOLLEY INC,Consumer Discretionary
RRGB,RED ROBIN GOURMET BURGERS INC,Consumer Discretionary
PMVP,PMV PHARMACEUTICALS INC,Health Care
GPMT,GRANITE POINT MORTGAGE TRUST INC,Financials
NUVB,NUVATION BIO INC CLASS A,Health Care
XELB,XCEL BRANDS INC,Consumer Discretionary
AMTX,AEMETIS INC,Energy
TCX,TUCOWS INC,Information Technology
HBB,HAMILTON BEACH BRANDS HOLDING COMP,Consumer Discretionary
IRON,DISC MEDICINE INC,Health Care
ATLC,ATLANTICUS HOLDINGS CORP,Financials
AKBA,AKEBIA THERAPEUTICS INC,Health Care
RIGL,RIGEL PHARMACEUTICALS INC,Health Care
HSDT,HELIUS MEDICAL TECHNOLOGIES INC CL,Health Care
OPRX,OPTIMIZERX CORP,Health Care
CENT,CENTRAL GARDEN AND PET,Consumer Staples
CTMX,CYTOMX THERAPEUTICS INC,Health Care
ARIS,ARIS WATER SOLUTIONS INC CLASS A,Industrials
SIGA,SIGA TECHNOLOGIES INC,Health Care
PFIS,PEOPLES FINANCIAL SERVICES CORP,Financials
SPOK,SPOK HOLDINGS INC,Communication
KNSA,KINIKSA PHARMACEUTICALS LTD CLASS,Health Care
PRAX,PRAXIS PRECISION MEDICINES INC,Health Care
STRO,SUTRO BIOPHARMA INC,Health Care
JOB,GEE GROUP INC,Industrials
LQDT,LIQUIDITY SERVICES INC,Industrials
PNBK,PATRIOT NATIONAL BANCORP INC,Financials
MOTS,MOTUS GI HOLDINGS INC,Health Care
TTOO,T2 BIOSYSTEMS INC,Health Care
BPTH,BIO PATH HOLDINGS INC,Health Care
MVST,MICROVAST HOLDINGS INC,Industrials
PW,POWER REIT,Real Estate
ASTC,ASTROTECH CORP,Information Technology
ATXI,AVENUE THERAPEUTICS INC,Health Care
WHLR,WHEELER REIT INC TRUST,Real Estate
SNOA,SONOMA PHARMACEUTICALS INC,Health Care
XELA,EXELA TECHNOLOGIES INC,Industrials
EYPT,EYEPOINT PHARMACEUTICALS INC,Health Care
RIBT,RICEBRAN TECHNOLOGIES,Consumer Staples
OPRT,OPORTUN FINANCIAL CORP,Financials
SNGX,SOLIGENIX INC,Health Care
JAKK,JAKKS PACIFIC INC,Consumer Discretionary
VCNX,VACCINEX INC,Health Care
MDIA,MEDIACO HOLDING INC CLASS A,Communication
CHCI,COMSTOCK HOLDING COMPANIES INC CLA,Real Estate
SSKN,STRATA SKIN SCIENCES INC,Health Care
STRR,STAR EQUITY HOLDINGS INC,Health Care
ACHV,ACHIEVE LIFE SCIENCES INC,Health Care
TRT,TRIO TECH INTERNATIONAL,Information Technology
SIF,SIFCO INDUSTRIES INC,Industrials
WORX,SCWORX CORP,Health Care
AAME,ATLANTIC AMERICAN CORP,Financials
UONE,URBAN ONE INC CLASS A,Communication
APVO,APTEVO THERAPEUTICS INC,Health Care
EDUC,EDUCATIONAL DEVELOPMENT CORP,Consumer Discretionary
CBIO,CATALYST BIOSCIENCES INC,Health Care
NNVC,NANOVIRICIDES INC,Health Care
SYBX,SYNLOGIC INC,Health Care
SOC,SRAX INC,Information Technology
EURUSD=X,EUR/USD,Forex Major
GBPUSD=X,GBP/USD,Forex Major
USDJPY=X,USD/JPY,Forex Major
USDCHF=X,USD/CHF,Forex Major
AUDUSD=X,AUD/USD,Forex Major
USDCAD=X,USD/CAD,Forex Major
NZDUSD=X,NZD/USD,Forex Major
EURGBP=X,EUR/GBP,Forex Cross
EURJPY=X,EUR/JPY,Forex Cross
GBPJPY=X,GBP/JPY,Forex Cross
AUDJPY=X,AUD/JPY,Forex Cross
EURAUD=X,EUR/AUD,Forex Cross
EURCHF=X,EUR/CHF,Forex Cross
GBPCHF=X,GBP/CHF,Forex Cross
CADJPY=X,CAD/JPY,Forex Cross
AUDNZD=X,AUD/NZD,Forex Cross
GBPAUD=X,GBP/AUD,Forex Cross
NZDJPY=X,NZD/JPY,Forex Cross
USDMXN=X,USD/MXN,Forex Exotic
USDZAR=X,USD/ZAR,Forex Exotic
USDTRY=X,USD/TRY,Forex Exotic
USDSEK=X,USD/SEK,Forex Exotic
USDNOK=X,USD/NOK,Forex Exotic
USDDKK=X,USD/DKK,Forex Exotic
USDSGD=X,USD/SGD,Forex Exotic
USDHKD=X,USD/HKD,Forex Exotic
USDCNH=X,USD/CNH,Forex Exotic
USDTHB=X,USD/THB,Forex Exotic
USDPLN=X,USD/PLN,Forex Exotic
USDHUF=X,USD/HUF,Forex Exotic
USDCZK=X,USD/CZK,Forex Exotic
EURPLN=X,EUR/PLN,Forex Exotic
EURTRY=X,EUR/TRY,Forex Exotic
GBPNZD=X,GBP/NZD,Forex Exotic
EURNZD=X,EUR/NZD,Forex Exotic
SPY,SPDR S&P 500 ETF,ETF Index
QQQ,Invesco QQQ Trust,ETF Index
IWM,iShares Russell 2000 ETF,ETF Index
DIA,SPDR Dow Jones ETF,ETF Index
VTI,Vanguard Total Stock Market ETF,ETF Index
VOO,Vanguard S&P 500 ETF,ETF Index
XLF,Financial Select Sector SPDR,ETF Sector
XLE,Energy Select Sector SPDR,ETF Sector
XLK,Technology Select Sector SPDR,ETF Sector
XLV,Health Care Select Sector SPDR,ETF Sector
XLP,Consumer Staples Select SPDR,ETF Sector
XLI,Industrial Select Sector SPDR,ETF Sector
XLB,Materials Select Sector SPDR,ETF Sector
XLU,Utilities Select Sector SPDR,ETF Sector
XLRE,Real Estate Select Sector SPDR,ETF Sector
XLC,Communication Services SPDR,ETF Sector
XLY,Consumer Discretionary SPDR,ETF Sector
TAN,Invesco Solar ETF,ETF Thematic
ICLN,iShares Global Clean Energy ETF,ETF Thematic
QCLN,First Trust NASDAQ Clean Edge,ETF Thematic
ARKK,ARK Innovation ETF,ETF Thematic
ARKG,ARK Genomic Revolution ETF,ETF Thematic
ARKF,ARK Fintech Innovation ETF,ETF Thematic
ARKW,ARK Next Gen Internet ETF,ETF Thematic
ARKQ,ARK Autonomous Tech ETF,ETF Thematic
SOXX,iShares Semiconductor ETF,ETF Thematic
SMH,VanEck Semiconductor ETF,ETF Thematic
HACK,ETFMG Prime Cyber Security ETF,ETF Thematic
CIBR,First Trust NASDAQ Cybersecurity,ETF Thematic
BOTZ,Global X Robotics & AI ETF,ETF Thematic
ROBO,ROBO Global Robotics ETF,ETF Thematic
CLOU,Global X Cloud Computing ETF,ETF Thematic
WCLD,WisdomTree Cloud Computing ETF,ETF Thematic
DRIV,Global X Autonomous & EV ETF,ETF Thematic
LIT,Global X Lithium & Battery ETF,ETF Thematic
REMX,VanEck Rare Earth ETF,ETF Thematic
URA,Global X Uranium ETF,ETF Thematic
JETS,US Global Jets ETF,ETF Thematic
BLOK,Amplify Blockchain ETF,ETF Thematic
BITO,ProShares Bitcoin Strategy ETF,ETF Thematic
IBIT,iShares Bitcoin Trust ETF,ETF Thematic
GLD,SPDR Gold Shares,ETF Commodity
SLV,iShares Silver Trust,ETF Commodity
USO,United States Oil Fund,ETF Commodity
UNG,United States Natural Gas Fund,ETF Commodity
GDX,VanEck Gold Miners ETF,ETF Commodity
GDXJ,VanEck Junior Gold Miners ETF,ETF Commodity
XME,SPDR S&P Metals & Mining ETF,ETF Commodity
XOP,SPDR S&P Oil & Gas Exploration ETF,ETF Sector
AMLP,Alerian MLP ETF,ETF Sector
KRE,SPDR S&P Regional Banking ETF,ETF Sector
XHB,SPDR S&P Homebuilders ETF,ETF Sector
ITB,iShares US Home Construction ETF,ETF Sector
TLT,iShares 20+ Year Treasury ETF,ETF Bond
HYG,iShares iBoxx High Yield Corp Bond,ETF Bond
LQD,iShares iBoxx Investment Grade Bond,ETF Bond
AGG,iShares Core US Aggregate Bond,ETF Bond
BND,Vanguard Total Bond Market ETF,ETF Bond
EEM,iShares MSCI Emerging Markets ETF,ETF International
EFA,iShares MSCI EAFE ETF,ETF International
VWO,Vanguard FTSE Emerging Markets ETF,ETF International
VXUS,Vanguard Total Intl Stock ETF,ETF International
VEA,Vanguard FTSE Developed Markets ETF,ETF International
VGK,Vanguard FTSE Europe ETF,ETF International
IEMG,iShares Core MSCI EM ETF,ETF International
KWEB,KraneShares CSI China Internet ETF,ETF International
FXI,iShares China Large-Cap ETF,ETF International
MCHI,iShares MSCI China ETF,ETF International
INDA,iShares MSCI India ETF,ETF International
EWJ,iShares MSCI Japan ETF,ETF International
EWZ,iShares MSCI Brazil ETF,ETF International
EWY,iShares MSCI South Korea ETF,ETF International
ASHR,Xtrackers Harvest CSI 300 China,ETF International
VNQ,Vanguard Real Estate ETF,ETF Real Estate
VNQI,Vanguard Global ex-US Real Estate,ETF Real Estate
SOXL,Direxion Semiconductor Bull 3X,ETF Leveraged
TQQQ,ProShares UltraPro QQQ 3X,ETF Leveraged
SQQQ,ProShares UltraPro Short QQQ 3X,ETF Leveraged
SPXL,Direxion Daily S&P 500 Bull 3X,ETF Leveraged
TNA,Direxion Small Cap Bull 3X,ETF Leveraged
TMF,Direxion 20+ Yr Treasury Bull 3X,ETF Leveraged
UVXY,ProShares Ultra VIX Short-Term,ETF Volatility
A200.AX,BetaShares Australia 200 ETF,Unknown
A2M.AX,The a2 Milk Company Ltd,Unknown
AAA.AX,Betashares Australian High Interest Cash ETF,Unknown
AFI.AX,Australian Foundation Investment Company Ltd,Unknown
AGL.AX,AGL Energy Ltd,Unknown
AIA.AX,Auckland International Airport Ltd,Unknown
ALD.AX,Ampol Ltd,Unknown
ALL.AX,Aristocrat Leisure Ltd,Unknown
ALQ.AX,Als Ltd,Unknown
ALU.AX,Altium Ltd,Unknown
ALX.AX,Atlas Arteria,Unknown
AMC.AX,Amcor Plc,Unknown
AMP.AX,AMP Ltd,Unknown
ANN.AX,Ansell Ltd,Unknown
ANZ.AX,Australia and New Zealand Banking Group Ltd,Unknown
APA.AX,APA Group,Unknown
APE.AX,Eagers Automotive Ltd,Unknown
APX.AX,Appen Ltd,Unknown
ARB.AX,ARB Corporation Ltd,Unknown
ARG.AX,Argo Investments Ltd,Unknown
ASIA.AX,BetaShares Asia Technology Tigers ETF,Unknown
ASX.AX,ASX Ltd,Unknown
AZJ.AX,Aurizon Holdings Ltd,Unknown
BAP.AX,Bapcor Ltd,Unknown
BBOZ.AX,BetaShares Australian Equities Strong Bear,Unknown
BEAR.AX,BetaShares Australian Equities Bear,Unknown
BEN.AX,Bendigo and Adelaide Bank Ltd,Unknown
BGA.AX,Bega Cheese Ltd,Unknown
BHP.AX,BHP Group Ltd,Unknown
BOQ.AX,Bank of Queensland Ltd,Unknown
BPT.AX,Beach Energy Ltd,Unknown
BRG.AX,Breville Group Ltd,Unknown
BSL.AX,Bluescope Steel Ltd,Unknown
BWP.AX,BWP Trust,Unknown
BXB.AX,Brambles Ltd,Unknown
CAR.AX,Carsales.com Ltd,Unknown
CBA.AX,Commonwealth Bank of Australia,Unknown
CCL.AX,Coca-Cola Amatil Ltd,Unknown
CCP.AX,Credit Corp Group Ltd,Unknown
CDA.AX,Codan Ltd,Unknown
CGF.AX,Challenger Ltd,Unknown
CHC.AX,Charter Hall Group,Unknown
CHN.AX,Chalice Mining Ltd,Unknown
CIA.AX,Champion Iron Ltd,Unknown
CLW.AX,Charter Hall Long Wale REIT,Unknown
CMW.AX,Cromwell Property Group,Unknown
CNU.AX,Chorus Ltd,Unknown
COH.AX,Cochlear Ltd,Unknown
COL.AX,Coles Group Ltd,Unknown
CPU.AX,Computershare Ltd,Unknown
CQR.AX,Charter Hall Retail REIT,Unknown
CSL.AX,CSL Ltd,Unknown
CTD.AX,Corporate Travel Management Ltd,Unknown
CWY.AX,Cleanaway Waste Management Ltd,Unknown
DHHF.AX,BetaShares Diversified All Growth ETF,Unknown
DMP.AX,Domino's PIZZA Enterprises Ltd,Unknown
DOW.AX,Downer Edi Ltd,Unknown
DRR.AX,Deterra Royalties Ltd,Unknown
DXS.AX,Dexus,Unknown
EBO.AX,Ebos Group Ltd,Unknown
ELD.AX,Elders Ltd,Unknown
EML.AX,EML Payments Ltd,Unknown
ETHI.AX,BetaShares Global Sustainability Leaders ETF,Unknown
EVN.AX,Evolution Mining Ltd,Unknown
EVT.AX,Event Hospitality and Entertainment Ltd,Unknown
FBU.AX,Fletcher Building Ltd,Unknown
FLT.AX,Flight Centre Travel Group Ltd,Unknown
FMG.AX,Fortescue Metals Group Ltd,Unknown
FPH.AX,Fisher & Paykel Healthcare Corporation Ltd,Unknown
GMG.AX,Goodman Group,Unknown
GNE.AX,Genesis Energy Ltd,Unknown
GOLD.AX,ETFS Physical Gold,Unknown
GOZ.AX,Growthpoint Properties Australia,Unknown
GPT.AX,GPT Group,Unknown
HACK.AX,BetaShares Global Cybersecurity ETF,Unknown
HLS.AX,Healius Ltd,Unknown
HVN.AX,Harvey Norman Holdings Ltd,Unknown
IAG.AX,Insurance Australia Group Ltd,Unknown
IEL.AX,Idp Education Ltd,Unknown
IFT.AX,Infratil Ltd,Unknown
IGO.AX,IGO Ltd,Unknown
ILU.AX,Iluka Resources Ltd,Unknown
IOO.AX,Ishares Global 100 ETF,Unknown
IOZ.AX,Ishares Core S&P/ASX 200 ETF,Unknown
IRE.AX,Iress Ltd,Unknown
IVV.AX,Ishares S&P 500 ETF,Unknown
JBH.AX,JB Hi-Fi Ltd,Unknown
JHX.AX,James Hardie Industries Plc,Unknown
LFG.AX,Liberty Financial Group,Unknown
LFS.AX,Latitude Group Holdings Ltd,Unknown
LLC.AX,Lendlease Group,Unknown
LYC.AX,Lynas Rare EARTHS Ltd,Unknown
MCY.AX,Mercury NZ Ltd,Unknown
MEZ.AX,Meridian Energy Ltd,Unknown
MFG.AX,Magellan Financial Group Ltd,Unknown
MGR.AX,Mirvac Group,Unknown
MIN.AX,Mineral Resources Ltd,Unknown
MP1.AX,Megaport Ltd,Unknown
MPL.AX,Medibank Private Ltd,Unknown
MQG.AX,Macquarie Group Ltd,Unknown
MTS.AX,Metcash Ltd,Unknown
NAB.AX,National Australia Bank Ltd,Unknown
NDQ.AX,BetaShares NASDAQ 100 ETF,Unknown
NEC.AX,Nine Entertainment Co. Holdings Ltd,Unknown
NHF.AX,Nib Holdings Ltd,Unknown
NIC.AX,Nickel Mines Ltd,Unknown
NST.AX,Northern Star Resources Ltd,Unknown
NUF.AX,Nufarm Ltd,Unknown
NWL.AX,Netwealth Group Ltd,Unknown
NXT.AX,NEXTDC Ltd,Unknown
ORA.AX,Orora Ltd,Unknown
ORE.AX,Orocobre Ltd,Unknown
ORG.AX,Origin Energy Ltd,Unknown
ORI.AX,Orica Ltd,Unknown
PBH.AX,Pointsbet Holdings Ltd,Unknown
PLS.AX,Pilbara Minerals Ltd,Unknown
PME.AX,Pro Medicus Ltd,Unknown
PMV.AX,Premier Investments Ltd,Unknown
PNI.AX,Pinnacle Investment Management Group Ltd,Unknown
PNV.AX,Polynovo Ltd,Unknown
PPT.AX,Perpetual Ltd,Unknown
QAN.AX,Qantas Airways Ltd,Unknown
QAU.AX,BetaShares Gold Bullion ETF - Currency Hedged,Unknown
QBE.AX,QBE Insurance Group Ltd,Unknown
REA.AX,REA Group Ltd,Unknown
REH.AX,Reece Ltd,Unknown
RHC.AX,Ramsay Health Care Ltd,Unknown
RIO.AX,RIO Tinto Ltd,Unknown
RMD.AX,Resmed Inc,Unknown
RRL.AX,Regis Resources Ltd,Unknown
RWC.AX,Reliance Worldwide Corporation Ltd,Unknown
S32.AX,SOUTH32 Ltd,Unknown
SCG.AX,Scentre Group,Unknown
SCP.AX,Shopping Centres Australasia Property Group,Unknown
SDF.AX,Steadfast Group Ltd,Unknown
SEK.AX,Seek Ltd,Unknown
SGM.AX,Sims Ltd,Unknown
SGP.AX,Stockland,Unknown
SGR.AX,The Star Entertainment Group Ltd,Unknown
SHL.AX,Sonic Healthcare Ltd,Unknown
SKC.AX,Skycity Entertainment Group Ltd,Unknown
SNZ.AX,Summerset Group Holdings Ltd,Unknown
SOL.AX,Washington H Soul Pattinson & Company Ltd,Unknown
SPK.AX,Spark New Zealand Ltd,Unknown
STO.AX,Santos Ltd,Unknown
STW.AX,SPDR S&P/ASX 200 Fund,Unknown
SUL.AX,Super Retail Group Ltd,Unknown
SUN.AX,Suncorp Group Ltd,Unknown
TAH.AX,Tabcorp Holdings Ltd,Unknown
TCL.AX,Transurban Group,Unknown
TLS.AX,Telstra Corporation Ltd,Unknown
TNE.AX,Technology One Ltd,Unknown
TPG.AX,TPG Telecom Ltd,Unknown
TWE.AX,Treasury Wine Estates Ltd,Unknown
TYR.AX,Tyro Payments Ltd,Unknown
VAF.AX,Vanguard Australian Fixed Interest Index ETF,Unknown
VAP.AX,Vanguard Australian Property Securities INDEX ETF,Unknown
VAS.AX,Vanguard Australian Shares INDEX ETF,Unknown
VCX.AX,Vicinity Centres,Unknown
VDHG.AX,Vanguard Diversified High Growth Index ETF,Unknown
VEA.AX,Viva Energy Group Ltd,Unknown
VEU.AX,Vanguard All-World Ex-US Shares INDEX ETF,Unknown
VGB.AX,Vanguard Australian Government Bond Index ETF,Unknown
VGE.AX,Vanguard FTSE Emerging Markets Shares ETF,Unknown
VGS.AX,Vanguard MSCI INDEX International Shares ETF,Unknown
VHY.AX,Vanguard Australian Shares High Yield ETF,Unknown
VTS.AX,Vanguard US Total Market Shares INDEX ETF,Unknown
WAM.AX,WAM Capital Ltd,Unknown
WBC.AX,Westpac Banking Corporation,Unknown
WEB.AX,Webjet Ltd,Unknown
WES.AX,Wesfarmers Ltd,Unknown
WOR.AX,Worley Ltd,Unknown
WOW.AX,Woolworths Group Ltd,Unknown
WPR.AX,Waypoint REIT,Unknown
WTC.AX,Wisetech Global Ltd,Unknown
XRO.AX,Xero Ltd,Unknown
YAL.AX,Yancoal Australia Ltd,Unknown
YMAX.AX,BetaShares S&P 500 Yield Maximiser Fund,Unknown
ZIM.AX,Zimplats Holdings Ltd,Unknown
GC=F,Gold Futures,Commodities
SI=F,Silver Futures,Commodities
HG=F,Copper Futures,Commodities
CL=F,Crude Oil Futures,Commodities
DX-Y.NYB,US Dollar Index (DXY),Macro
^TNX,US 10-Year Treasury Yield,Macro
XBI,SPDR S&P Biotech ETF,ETF Index
AHR,AMERICAN HEALTHCARE REIT INC,Real Estate
JBTM,JBT MAREL CORP,Industrials
SSRM,SSR MINING INC,Materials
TXNM,TXNM ENERGY INC,Utilities
OKLO,OKLO INC CLASS A,Utilities
APLD,APPLIED DIGITAL CORP,Information Technology
BTSG,BRIGHTSPRING HEALTH SERVICES INC,Health Care
GLNG,GOLAR LNG LTD,Energy
CNR,CORE NATURAL RESOURCES INC,Energy
QBTS,D WAVE QUANTUM INC,Information Technology
XENE,XENON PHARMACEUTICALS INC,Health Care
BIPC,BROOKFIELD INFRASTRUCTURE CORP CLA,Utilities
KGS,KODIAK GAS SERVICES INC,Energy
ATMU,ATMUS FILTRATION TECHNOLOGIES INC,Industrials
HUT,HUT CORP,Information Technology
CORZ,CORE SCIENTIFIC INC,Information Technology
IESC,IES INC,Industrials
KNF,KNIFE RIVER CORP,Materials
CSW,CSW INDUSTRIALS INC,Industrials
UUUU,ENERGY FUELS INC,Energy
CIFR,CIPHER DIGITAL INC,Information Technology
VISN,VISTANCE NETWORKS INC,Information Technology
FLG,FLAGSTAR BANK NATIONAL ASSOCIATION,Financials
CVSA,COVISTA INC,Consumer Discretionary
CGON,CG ONCOLOGY INC,Health Care
UCB,UNITED COMMUNITY BANKS INC,Financials
CELC,CELCUITY INC,Health Care
INDV,INDIVIOR PHARMACEUTICALS INC,Health Care
CSTM,CONSTELLIUM SE CLASS A,Materials
APGE,APOGEE THERAPEUTICS INC,Health Care
BGC,BGC GROUP INC CLASS A,Financials
CDP,COPT DEFENSE PROPERTIES,Real Estate
STNE,STONECO LTD CLASS A,Financials
STNG,SCORPIO TANKERS INC,Energy
SYRE,SPYRE THERAPEUTICS INC,Health Care
NATL,NCR ATLEOS CORP,Financials
OPLN,OPENLANE INC,Industrials
LEU,CENTRUS ENERGY CORP CLASS A,Energy
GPGI,GPGI INC CLASS A,Information Technology
DNTH,DIANTHUS THERAPEUTICS INC,Health Care
USAR,USA RARE EARTH INC CLASS A,Materials
SDRL,SEADRILL LTD,Energy
MZTI,MARZETTI,Consumer Staples
TARS,TARSUS PHARMACEUTICALS INC,Health Care
LUNR,INTUITIVE MACHINES INC CLASS A,Industrials
WAY,WAYSTAR HOLDING CORP,Health Care
CTRI,CENTURI HOLDINGS INC,Industrials
PHIN,PHINIA INC,Consumer Discretionary
SEI,SOLARIS OILFIELD INFRASTRUCTURE IN,Energy
BBT,BEACON FINANCIAL CORP,Financials
CURB,CURBLINE PROPERTIES,Real Estate
PPTA,PERPETUA RESOURCES CORP,Materials
NG,NOVAGOLD RESOURCES INC,Materials
VERA,VERA THERAPEUTICS INC CLASS A,Health Care
DHT,DHT HOLDINGS INC,Energy
CON,CONCENTRA GROUP HOLDINGS PARENT IN,Health Care
MRX,MAREX GROUP PLC,Financials
CLMT,CALUMET INC,Energy
NTB,BANK OF NT BUTTERFIELD & SON LTD,Financials
IMNM,IMMUNOME INC,Health Care
LGN,LEGENCE CORP CLASS A,Industrials
BWIN,BALDWIN INSURANCE GROUP INC CLASS,Financials
ORKA,ORUKA THERAPEUTICS INC,Health Care
DFTX,DEFINIUM THERAPEUTICS INC,Health Care
HTO,H2O AMERICA,Utilities
LION,LIONSGATE STUDIOS CORP,Small Cap
GRAL,GRAIL INC,Health Care
DBD,DIEBOLD NIXDORF INC,Information Technology
AMRX,AMNEAL PHARMACEUTICALS INC CLASS A,Health Care
PAGS,PAGSEGURO DIGITAL LTD CLASS A,Financials
AUPH,AURINIA PHARMACEUTICALS INC,Health Care
TNK,TEEKAY TANKERS LTD CLASS A,Energy
AMPX,AMPRIUS TECHNOLOGIES INC,Industrials
CALY,CALLAWAY GOLF COMPANY,Consumer Discretionary
DAVE,DAVE INC CLASS A,Financials
IMAX,IMAX CORP,Small Cap
SKWD,SKYWARD SPECIALTY INSURANCE GROUP,Financials
SGHC,SUPER GROUP LTD,Consumer Discretionary
SMA,SMARTSTOP SELF STORAGE REIT INC,Real Estate
BORR,BORR DRILLING LTD,Energy
SMR,NUSCALE POWER CORP CLASS A,Industrials
FUN,SIX FLAGS ENTERTAINMENT CORP,Consumer Discretionary
ALMS,ALUMIS INC,Health Care
NN,NEXTNAV INC,Information Technology
BBAI,BIGBEAR.AI HOLDINGS INC,Information Technology
ELVN,ENLIVEN THERAPEUTICS INC,Health Care
NESR,NATIONAL ENERGY SERVICES REUNITED,Energy
NVRI,ENVIRI CORP,Industrials
BLX,BANCO LATINOAMERICANO DE COMERCIO,Financials
AAMI,ACADIAN ASSET MANAGEMENT INC,Financials
USLM,UNITED STATES LIME AND MINERALS IN,Materials
PACS,PACS GROUP INC,Health Care
HG,HAMILTON INSURANCE GROUP LTD CLASS,Financials
TIC,TIC SOLUTIONS INC,Industrials
DCH,DAUCH CORPORATION,Consumer Discretionary
QUBT,QUANTUM COMPUTING INC,Information Technology
BRSL,BRIGHTSTAR LOTTERY PLC,Consumer Discretionary
BULL,WEBULL CORP CLASS A,Financials
RCAT,RED CAT HOLDINGS INC,Industrials
SFL,SFL LTD,Energy
IE,IVANHOE ELECTRIC INC,Materials
MLYS,MINERALYS THERAPEUTICS INC,Health Care
ZYME,ZYMEWORKS INC,Health Care
VOYG,VOYAGER TECHNOLOGIES INC CLASS A,Industrials
WKC,WORLD KINECT CORP,Energy
SLDE,SLIDE INSURANCE HOLDINGS INC,Financials
NAT,NORDIC AMERICAN TANKERS LTD,Energy
LINC,LINCOLN EDUCATIONAL SERVICES CORP,Consumer Discretionary
INOD,INNODATA INC,Industrials
NPKI,NPK INTERNATIONAL INC,Industrials
BTDR,BITDEER TECHNOLOGIES GROUP CLASS A,Information Technology
PBI,PITNEY BOWES INC,Industrials
TTI,TETRA TECHNOLOGIES INC,Energy
PENG,PENGUIN SOLUTIONS INC,Information Technology
GCT,GIGACLOUD TECHNOLOGY INC CLASS A,Consumer Discretionary
DEC,DIVERSIFIED ENERGY COMPANY,Energy
SEZL,SEZZLE INC,Financials
TYRA,TYRA BIOSCIENCES INC,Health Care
RDW,REDWIRE CORP,Industrials
ASTH,ASTRANA HEALTH INC,Health Care
TDAY,USA TODAY INC,Small Cap
DOLE,DOLE PLC,Consumer Staples
WS,WORTHINGTON STEEL INC,Materials
GENI,GENIUS SPORTS LTD,Consumer Discretionary
MIAX,MIAMI INTERNATIONAL HOLDINGS INC,Financials
RAPP,RAPPORT THERAPEUTICS INC,Health Care
RYZ,RYERSON HOLDING CORP,Materials
BKSY,BLACKSKY TECHNOLOGY INC CLASS A,Industrials
PVLA,PALVELLA THERAPEUTICS INC,Health Care
INVX,INNOVEX INTERNATIONAL INC,Energy
AESI,ATLAS ENERGY SOLUTIONS INC,Energy
MBX,MBX BIOSCIENCES INC,Health Care
FLNG,FLEX LNG LTD,Energy
ALH,ALLIANCE LAUNDRY HOLDINGS INC,Industrials
EVLV,EVOLV TECHNOLOGIES HOLDINGS INC CL,Information Technology
PRKS,UNITED PARKS AND RESORTS INC,Consumer Discretionary
FTRE,FORTREA HOLDINGS INC,Health Care
ALNT,ALLIENT INC,Industrials
VYX,NCR VOYIX CORP,Information Technology
GRDN,GUARDIAN PHARMACY SERVICES INC CLA,Health Care
FSUN,FIRSTSUN CAPITAL BANCORP,Financials
NNE,NANO NUCLEAR ENERGY INC,Industrials
LMB,LIMBACH HOLDINGS INC,Industrials
NBBK,NB BANCORP INC,Financials
TE,T1 ENERGY INC,Industrials
PAX,PATRIA INVESTMENTS LTD CLASS A,Financials
BV,BRIGHTVIEW HOLDINGS INC,Industrials
LIF,LIFE360 INC,Information Technology
BHRB,BURKE HERBERT FINANCIAL SERVICES C,Financials
BUR,BURFORD CAPITAL LTD,Financials
TRST,TRUSTCO BANK CORP,Financials
HAFC,HANMI FINANCIAL CORP,Financials
PRSU,PURSUIT ATTRACTIONS AND HOSPITALIT,Consumer Discretionary
BBUC,BROOKFIELD BUSINESS CORP CLASS A,Industrials
AVBP,ARRIVENT BIOPHARMA INC,Health Care
GOLD,GOLD INC,Consumer Discretionary
CPF,CENTRAL PACIFIC FINANCIAL CORP,Financials
IRMD,IRADIMED CORP,Health Care
CMRE,COSTAMARE INC,Industrials
DAKT,DAKTRONICS INC,Information Technology
FLY,FIREFLY AEROSPACE INC,Industrials
MAZE,MAZE THERAPEUTICS INC,Health Care
URGN,UROGEN PHARMA LTD,Health Care
GBTG,GLOBAL BUSINESS TRAVEL GROUP INC C,Consumer Discretionary
VSTS,VESTIS CORP,Industrials
MCHB,MECHANICS BANCORP CLASS A,Financials
PGY,PAGAYA TECHNOLOGIES LTD CLASS A,Information Technology
PFBC,PREFERRED BANK,Financials
HTB,HOMETRUST BANCSHARES INC,Financials
BKV,BKV CORP,Energy
RZLV,REZOLVE AI PLC,Information Technology
BCAX,BICARA THERAPEUTICS INC,Health Care
TK,TEEKAY CORPORATION CORP LTD,Energy
ODC,OIL DRI CORPORATION OF AMERICA,Consumer Staples
SION,SIONNA THERAPEUTICS INC,Health Care
RHLD,RESOLUTE HOLDINGS MANAGEMENT INC,Industrials
ZGN,ERMENEGILDO ZEGNA NV,Consumer Discretionary
HRTG,HERITAGE INSURANCE HOLDINGS INC,Financials
FWRG,FIRST WATCH RESTAURANT GROUP INC,Consumer Discretionary
ADAM,ADAMAS INC TRUST,Financials
FET,FORUM ENERGY TECHNOLOGIES INC,Energy
FSBC,FIVE STAR BANCORP,Financials
RBCAA,REPUBLIC BANCORP INC CLASS A,Financials
MCBS,METROCITY BANKSHARES INC,Financials
MTUS,METALLUS INC,Materials
CODI,COMPASS DIVERSIFIED,Financials
PSIX,POWER SOLUTIONS INTERNATIONAL INC,Industrials
SATL,SATELLOGIC INC CLASS A,Industrials
NVGS,NAVIGATOR HOLDINGS LTD,Energy
AMBP,ARDAGH METAL PACKAGING SA,Materials
AIP,ARTERIS INC,Information Technology
SERV,SERVE ROBOTICS INC,Consumer Discretionary
MAMA,MAMAS CREATIONS INC,Consumer Staples
FIP,FTAI INFRASTRUCTURE INC,Industrials
REPX,RILEY EXPLORATION PERMIAN INC,Energy
ASC,ARDMORE SHIPPING CORP,Energy
SEPN,SEPTERNA INC,Health Care
NB,NIOCORP DEVELOPMENTS LTD,Materials
BIOA,BIOAGE LABS INC,Health Care
KMTS,KESTRA MEDICAL TECHNOLOGIES LTD,Health Care
CWCO,CONSOLIDATED WATER LTD,Utilities
IDR,IDAHO STRATEGIC RESOURCES INC,Materials
NUTX,NUTEX HEALTH INC,Health Care
TCBX,THIRD COAST BANCSHARES INC,Financials
PKE,PARK AEROSPACE CORP,Industrials
ASST,STRIVE INC CLASS A,Health Care
JBIO,JADE BIOSCIENCES INC,Health Care
AMBQ,AMBIQ MICRO INC,Information Technology
ZBIO,ZENAS BIOPHARMA INC,Health Care
LBRX,LB PHARMACEUTICALS INC,Health Care
GLRE,GREENLIGHT CAPITAL LTD CLASS A,Financials
CBLL,CERIBELL INC,Health Care
BETA,BETA TECHNOLOGIES INC CLASS A,Industrials
DRUG,BRIGHT MINDS BIOSCIENCES INC,Health Care
HTFL,HEARTFLOW INC,Health Care
CRML,CRITICAL METALS CORP,Materials
GSM,FERROGLOBE PLC,Materials
ASPI,ASP ISOTOPES INC,Materials
ACNB,ACNB CORP,Financials
YSS,YORK SPACE SYSTEMS INC,Industrials
DC,DAKOTA GOLD CORP,Materials
AHRT,AH REALTY INC,Real Estate
SPIR,SPIRE GLOBAL INC CLASS A,Industrials
NAVN,NAVAN INC CLASS A,Consumer Discretionary
BSRR,SIERRA BANCORP,Financials
BTBT,BIT DIGITAL INC,Information Technology
XRN,CHIRON REAL ESTATE INC,Real Estate
FLOC,FLOWCO HOLDINGS INC CLASS A,Energy
HBCP,HOME BANCORP INC,Financials
BWMN,BOWMAN CONSULTING GROUP LTD,Industrials
DFH,DREAM FINDERS HOMES INC CLASS A,Consumer Discretionary
CDNL,CARDINAL INFRASTRUCTURE GROUP INC,Industrials
MGTX,MEIRAGTX HOLDINGS PLC,Health Care
AVR,ANTERIS TECHNOLOGIES GLOBAL CORP,Health Care
ABSI,ABSCI CORP,Health Care
RPC,RIDGEPOST CAPITAL INC CLASS A,Financials
JCAP,JEFFERSON CAPITAL INC,Financials
OMDA,OMADA HEALTH INC,Health Care
PLSE,PULSE BIOSCIENCES INC,Health Care
COFS,CHOICEONE FINANCIAL SERVICES INC,Financials
OBT,ORANGE COUNTY BANCORP INC,Financials
UNTY,UNITY BANCORP INC,Financials
MPLT,MAPLIGHT THERAPEUTICS INC,Health Care
BLND,BLEND LABS INC CLASS A,Information Technology
MH,MCGRAW HILL INC,Consumer Discretionary
BOW,BOWHEAD SPECIALTY HOLDINGS INC,Financials
CMCL,CALEDONIA MINING PLC,Materials
AIOT,POWERFLEET INC,Information Technology
WTBA,WEST BANCORPORATION INC,Financials
LOCO,EL POLLO LOCO INC,Consumer Discretionary
VLGEA,VILLAGE SUPER MARKET INC CLASS A,Consumer Staples
BCAL,CALIFORNIA BANCORP,Financials
HSHP,HIMALAYA SHIPPING LTD,Industrials
BBNX,BETA BIONICS INC,Health Care
GRND,GRINDR INC,Small Cap
LXEO,LEXEO THERAPEUTICS INC,Health Care
ADCT,ADC THERAPEUTICS SA,Health Care
NPCE,NEUROPACE INC,Health Care
TTAM,TITAN AMERICA SA,Materials
FRBA,FIRST BANK,Financials
CBNK,CAPITAL BANCORP INC,Financials
IBTA,IBOTTA INC CLASS A,Small Cap
OPTU,OPTIMUM COMMUNICATIONS INC CLASS A,Small Cap
HBT,HBT FINANCIAL INC,Financials
REAX,REAL BROKERAGE INC,Real Estate
EU,ENCORE ENERGY CORP,Energy
AVAH,AVEANNA HEALTHCARE HOLDINGS INC,Health Care
AEBI,AEBI SCHMIDT HOLDING AG,Industrials
NPB,NORTHPOINTE BANCSHARES INC,Financials
RR,RICHTECH ROBOTICS INC CLASS B,Industrials
PRME,PRIME MEDICINE INC,Health Care
ABAT,AMERICAN BATTERY TECHNOLOGY COMPAN,Materials
SB,SAFE BULKERS INC,Industrials
FNLC,FIRST BANCORP INC,Financials
TECX,TECTONIC THERAPEUTIC INC,Health Care
NGVC,NATURAL GROCERS BY VITAMIN COTTAGE,Consumer Staples
CLMB,CLIMB GLOBAL SOLUTIONS INC,Information Technology
STRT,STRATTEC SECURITY CORP,Consumer Discretionary
ARHS,ARHAUS INC CLASS A,Consumer Discretionary
ABX,ABACUS GLOBAL MANAGEMENT INC CLASS,Financials
TSBK,TIMBERLAND BANCORP INC,Financials
PKBK,PARKE BANCORP INC,Financials
BBBY,BED BATH AND BEYOND INC,Consumer Discretionary
ISTR,INVESTAR HOLDING CORP,Financials
ITIC,INVESTORS TITLE,Financials
VMD,VIEMED HEALTHCARE INC,Health Care
WLTH,WEALTHFRONT CORP,Financials
WEAV,WEAVE COMMUNICATIONS INC,Information Technology
RM,REGIONAL MANAGEMENT CORP,Financials
FVR,FRONTVIEW REIT INC,Real Estate
UPB,UPSTREAM BIO INC,Health Care
NXDR,NEXTDOOR HOLDINGS INC CLASS A,Small Cap
VOXR,VOX ROYALTY CORP,Materials
CZFS,CITIZENS FINANCIAL SERVICES INC,Financials
TSSI,TSS INC,Information Technology
ACIC,AMERICAN COASTAL INSURANCE CORP,Financials
GRNT,GRANITE RIDGE RESOURCES INC,Energy
CTGO,CONTANGO SILVER AND GOLD INC,Materials
NEWT,NEWTEKONE INC,Financials
FSBW,FS BANCORP INC,Financials
MAGN,MAGNERA CORP,Materials
SRTA,STRATA CRITICAL MEDICAL INC CLASS,Health Care
DCTH,DELCATH SYS INC,Health Care
AURA,AURA BIOSCIENCES INC,Health Care
IBEX,IBEX LTD,Industrials
SVV,SAVERS VALUE VILLAGE INC,Consumer Discretionary
ONIT,ONITY GROUP INC,Financials
FSTR,LB FOSTER,Industrials
RCKY,ROCKY BRANDS INC,Consumer Discretionary
NATH,NATHANS FAMOUS INC,Consumer Discretionary
INR,INFINITY NATURAL RESOURCES INC CLA,Energy
NMAX,NEWSMAX INC CLASS B,Small Cap
DSGN,DESIGN THERAPEUTICS INC,Health Care
ATLO,AMES NATIONAL CORP,Financials
RXST,RXSIGHT INC,Health Care
SMC,SUMMIT MIDSTREAM CORP,Energy
EVEX,EVE HOLDING INC,Industrials
GBFH,GBANK FINL HLDGS INC,Financials
MNPR,MONOPAR THERAPEUTICS INC,Health Care
RLGT,RADIANT LOGISTIC INC,Industrials
MEC,MAYVILLE ENGINEERING COMPANY INC,Industrials
FVCB,FVCBANKCORP INC,Financials
NAGE,NIAGEN BIOSCIENCE INC,Consumer Staples
CIA,CITIZENS INC CLASS A,Financials
EVMN,EVOMMUNE INC,Health Care
PSFE,PAYSAFE LTD,Financials
INV,INNVENTURE INC,Financials
PKOH,PARK OHIO HOLDINGS CORP,Industrials
KRT,KARAT PACKAGING INC,Industrials
RZLT,REZOLUTE INC,Health Care
NGNE,NEUROGENE INC,Health Care
CADL,CANDEL THERAPEUTICS INC,Health Care
PINE,ALPINE INCOME PROPERTY TRUST INC,Real Estate
AII,AMERICAN INTEGRITY INSURANCE GROUP,Financials
VTEX,VTEX CLASS A,Information Technology
BETR,BETTER HOME FINANCE HOLDING CLASS,Financials
BH,BIGLARI HOLDINGS INCINARY CLASS B,Consumer Discretionary
BRCB,BLACK ROCK COFFEE BAR INC CLASS A,Consumer Discretionary
PANL,PANGAEA LOGISTICS SOLUTIONS LTD,Industrials
ASLE,AERSALE CORP,Industrials
FUNC,FIRST UNITED CORP,Financials
WNEB,WESTERN NEW ENGLAND BANCORP INC,Financials
LMRI,LUMEXA IMAGING HOLDINGS INC,Health Care
NEXN,NEXXEN INTERNATIONAL LTD,Small Cap
LCNB,LCNB CORP,Financials
CTRN,CITI TRENDS INC,Consumer Discretionary
FBLA,FB BANCORP INC,Financials
TG,TREDEGAR CORP,Materials
ACH,ACCENDRA HEALTH INC,Health Care
OPFI,OPPFI INC CLASS A,Financials
CHMG,CHEMUNG FINANCIAL CORP,Financials
REFI,CHICAGO ATLANTIC REAL ESTATE FINAN,Financials
USCB,USCB FINANCIAL HOLDINGS INC CLASS,Financials
ARDT,ARDENT HEALTH INC,Health Care
USAU,US GOLD CORP,Materials
NCMI,NATIONAL CINEMEDIA INC,Small Cap
BNTC,BENITEC BIOPHARMA INC,Health Care
BLZE,BACKBLAZE INC CLASS A,Information Technology
BSVN,BANK7 CORP,Financials
SKYH,SKY HARBOUR GROUP CORP CLASS A,Industrials
CMRC,BIGCOMMERCE HOLDINGS INC SERIES,Information Technology
SEVN,SEVEN HILLS REALTY TRUST,Financials
STRS,STRATUS PROPERTIES INC,Real Estate
NLOP,NET LEASE OFFICE PROPERTIES,Real Estate
PDYN,PALLADYNE AI CORP,Industrials
LENZ,LENZ THERAPEUTICS INC,Health Care
RSVR,RESERVOIR MEDIA INC,Small Cap
WEYS,WEYCO GROUP INC,Consumer Discretionary
CMT,CORE MOLDING TECHNOLOGIES INC,Materials
CV,CAPSOVISION INC,Health Care
MPTI,M TRON INDUSTRIES INC,Information Technology
ACDC,PROFRAC HOLDING CLASS A CORP,Energy
FCCO,FIRST COMMUNITY CORP,Financials
IKT,INHIBIKASE THERAPEUTICS INC,Health Care
ALMU,AELUMA INC,Information Technology
ESCA,ESCALADE INC,Consumer Discretionary
WBTN,WEBTOON ENTERTAINMENT INC,Small Cap
FBYD,FALCON S BEYOND GLOBAL INC CLASS A,Industrials
NXDT,NEXPOINT DIVERSIFIED REAL ESTATE T,Real Estate
TBCH,TURTLE BEACH CORP,Information Technology
MG,MISTRAS GROUP INC,Industrials
ASIC,ATEGRITY SPECIALTY INSURANCE COMPA,Financials
SNDA,SONIDA SENIOR LIVING INC,Health Care
AIRO,AIRO GROUP HOLDINGS INC,Industrials
KGEI,KOLIBRI GLOBAL ENERGY INC,Energy
EVCM,EVERCOMMERCE INC,Information Technology
COSO,COASTALSOUTH BANCSHARES INC,Financials
BZAI,BLAIZE HOLDINGS INC,Information Technology
NNOX,NANO X IMAGING LTD,Health Care
VIA,VIA TRANSPORTATION INC CLASS A,Information Technology
FENC,FENNEC PHARMACEUTICALS INC,Health Care
CTEV,CLARITEV CORP CLASS A,Health Care
CD,CHAINCE DIGITAL HOLDINGS INC,Information Technology
PAL,PROFICIENT AUTO LOGISTICS INC,Industrials
MFIN,MEDALLION FINANCIAL CORP,Financials
ALTI,ALTI GLOBAL INC CLASS A,Financials
CBK,COMMERCIAL BANCGROUP INC,Financials
ESOA,ENERGY SERVICES OF AMERICA CORP,Energy
III,INFORMATION SERVICES GROUP INC,Information Technology
FHTX,FOGHORN THERAPEUTICS INC,Health Care
PBFS,PIONEER BANCORP INC,Financials
OPBK,OP BANCORP,Financials
BBCP,CONCRETE PUMPING HOLDINGS INC,Industrials
WEST,WESTROCK COFFEE,Consumer Staples
RGCO,RGC RESOURCES INC,Utilities
BRT,BRT APARTMENTS CORP,Real Estate
SEG,SEAPORT ENTERTAINMENT GROUP INC,Real Estate
UTMD,UTAH MEDICAL PRODUCTS INC,Health Care
LEGH,LEGACY HOUSING,Consumer Discretionary
CMDB,COSTAMARE BULKERS HOLDINGS LTD,Industrials
GLSI,GREENWICH LIFESCIENCES INC,Health Care
STRZ,STARZ ENTERTAINMENT CORP,Small Cap
INNV,INNOVAGE HOLDING CORP,Health Care
PLX,PROTALIX BIOTHERAPEUTICS INC,Health Care
LDI,LOANDEPOT INC CLASS A,Financials
MDWD,MEDIWOUND LTD,Health Care
PXED,PHOENIX EDUCATION PARTNERS INC,Consumer Discretionary
CVRX,CVRX INC,Health Care
KRO,KRONOS WORLDWIDE INC,Materials
SNFCA,SECURITY NATIONAL FINANCIAL CORP C,Financials
ULH,UNIVERSAL LOGISTICS HOLDINGS INC,Industrials
PRTH,PRIORITY TECHNOLOGY HOLDINGS INC,Financials
BVFL,BV FINANCIAL INC,Financials
SAMG,SILVERCREST ASSET MANAGEMENT GROUP,Financials
GENC,GENCOR INDUSTRIES INC,Industrials
RELL,RICHARDSON ELECTRONICS LTD,Information Technology
MNSB,MAINSTREET BANCSHARES INC,Financials
SI,SHOULDER INNOVATIONS INC,Health Care
WYFI,WHITEFIBER INC,Information Technology
EFSI,EAGLE FINANCIAL SERVICES INC,Financials
EVI,EVI INDUSTRIES INC,Industrials
FINW,FINWISE BANCORP,Financials
ACU,ACME UNITED CORP,Health Care
BKKT,BAKKT INC CLASS A,Financials
NREF,NEXPOINT REAL ESTATE FINANCE INC,Financials
SNWV,SANUWAVE HEALTH INC,Health Care
PMTS,CPI CARD GROUP INC,Information Technology
SGC,SUPERIOR GROUP OF COMPANIES INC,Consumer Discretionary
MLP,MAUI LAND AND PINEAPPLE INC,Real Estate
PNRG,PRIMEENERGY RESOURCES CORP,Energy
LWAY,LIFEWAY FOODS INC,Consumer Staples
ACR,ACRES COMMERCIAL REALTY CORP,Financials
TLSI,TRISALUS LF SC CM A,Health Care
NVCT,NUVECTIS PHARMA INC,Health Care
EPSN,EPSILON ENERGY LTD,Energy
SRBK,SR BANCORP INC,Financials
LZM,LIFEZONE METALS LTD,Materials
FF,FUTUREFUEL CORP,Energy
EML,EASTERN,Industrials
LE,LAND END INC,Consumer Discretionary
AOMR,ANGEL OAK MORTGAGE REIT INC,Financials
LFCR,LIFECORE BIOMEDICAL INC,Health Care
LUCD,LUCID DIAGNOSTICS INC,Health Care
FRD,FRIEDMAN INDUSTRIES INC,Materials
NODK,NI HOLDINGS INC,Financials
HUMA,HUMACYTE INC,Health Care
LAW,CS DISCO INC,Information Technology
CXDO,CREXENDO INC,Information Technology
STRW,STRAWBERRY FIELDS REIT INC,Real Estate
SKYX,SKYX PLATFORMS CORP,Industrials
SBFG,SB FINANCIAL GROUP INC,Financials
KLTR,KALTURA INC,Information Technology
JYNT,JOINT CORP,Health Care
FOA,FINANCE OF AMERICA COMPANIES INC C,Financials
ELA,ENVELA CORP,Consumer Discretionary
KRRO,KORRO BIO INC,Health Care
FNWD,FINWARD BANCORP,Financials
ACNT,ASCENT INDUSTRIES,Materials
KULR,KULR TECHNOLOGY GROUP INC,Industrials
SMID,SMITH MIDLAND CORP,Materials
WHG,WESTWOOD HOLDINGS GROUP INC,Financials
DERM,JOURNEY MEDICAL CORP,Health Care
RCMT,RCM TECHNOLOGIES INC,Industrials
TRAK,REPOSITRAK INC,Information Technology
GWRS,GLOBAL WATER RESOURCES INC,Utilities
ADV,ADVANTAGE SOLUTIONS INC CLASS A,Small Cap
JILL,J JILL INC,Consumer Discretionary
GYRE,GYRE THERAPEUTICS INC,Health Care
ARQ,ARQ INC,Materials
KLC,KINDERCARE LEARNING COMPANIES INC,Consumer Discretionary
SUNS,SUNRISE REALTY TRUST INC,Financials
RVSB,RIVERVIEW BANCORP INC,Financials
AIRJ,AIRJOULE TECHNOLOGIES CORP CLASS A,Industrials
HNVR,HANOVER BANCORP INC,Financials
PROP,PRAIRIE OPERATING,Energy
ATYR,ATYR PHARMA INC,Health Care
RMBI,RICHMOND MUTUAL BANCORPORATION INC,Financials
CLAR,CLARUS CORP,Consumer Discretionary
ECBK,ECB BANCORP INC,Financials
CPSS,CONSUMER PORTFOLIO SERVICES INC,Financials
BRCC,BRC INC CLASS A,Consumer Staples
XZO,EXZEO GROUP INC,Financials
CARL,CARLSMED INC,Health Care
VIRC,VIRCO MANUFACTURING CORP,Industrials
GETY,GETTY IMAGES HOLDINGS INC CLASS A,Small Cap
CBNA,CHAIN BRIDGE BANCORP INC CLASS A,Financials
LAKE,LAKELAND INDUSTRIES INC,Consumer Discretionary
FSP,FRANKLIN STREET PROPERTIES REIT CO,Real Estate
ZVIA,ZEVIA CLASS A,Consumer Staples
RNAC,CARTESIAN THERAPEUTICS INC,Health Care
NPWR,NET POWER INC CLASS A,Industrials
CURV,TORRID HOLDINGS INC,Consumer Discretionary
SVCO,SILVACO GROUP INC,Information Technology
AISP,AIRSHIP AI HOLDINGS INC CLASS A,Information Technology
HURA,TUHURA BIOSCIENCES INC,Health Care
SMTI,SANARA MEDTECH INC,Health Care
AARD,AARDVARK THERAPEUTICS INC,Health Care
NRDY,NERDY INC CLASS A,Consumer Discretionary
BARK,BARK INC CLASS A,Consumer Discretionary
TCI,TRANSCONTINENTAL REALTY INVESTORS,Real Estate
PAMT,PAMT CORP,Industrials
OPAL,OPAL FUELS INC CLASS A,Energy
NL,NL INDUSTRIES INC,Industrials
AVBH,AVIDBANK HOLDINGS INC,Financials
BTMD,BIOTE CORP CLASS A,Health Care
PPHC,PUBLIC POLICY HOLDING INC,Industrials
HQI,HIREQUEST INC,Industrials
LFT,LUMENT FINANCE TRUST INC,Financials
RBKB,RHINEBECK BANCORP INC,Financials
LFVN,LIFEVANTAGE CORP,Consumer Staples
AIRS,AIRSCULPT TECHNOLOGIES INC,Health Care
ARAY,ACCURAY INC,Health Care
FFAI,FARADAY FUTURE INTELLIGENT ELECTRI,Consumer Discretionary
MKTW,MARKETWISE INC CLASS A,Financials
MYPS,PLAYSTUDIOS INC CLASS A,Small Cap
VHI,VALHI INC,Materials
EP,EMPIRE PETROLEUM CORP,Energy
SBC,SBC MEDICAL GROUP HOLDINGS INC,Health Care
LVWR,LIVEWIRE GROUP INC,Consumer Discretionary
WALD,WALDENCAST PLC CLASS A,Consumer Staples
TKNO,ALPHA TEKNOVA INC,Health Care
SEAT,VIVID SEATS INC CLASS A,Small Cap
USGO,US GOLDMINING INC,Materials
ISPR,ISPIRE TECHNOLOGY INC,Consumer Staples
FTLF,FITLIFE BRANDS INC,Consumer Staples
VALU,VALUE LINE INC,Financials
KG,KESTREL GROUP LTD,Financials
TEAD,TEADS HOLDING,Small Cap
AREN,ARENA GROUP HLDGS INC,Small Cap
SKIL,SKILLSOFT CORP CLASS A,Industrials
MYO,MYOMO INC,Health Care
TVRD,TVARDI THERAPEUTICS INC,Health Care
BEEP,MOBILE INFRASTRUCTURE CORP,Industrials
SLSN,SOLESENCE INC,Materials
AFRI,FORAFRIC GLOBAL PLC,Consumer Staples
ACTU,ACTUATE THERAPEUTICS INC,Health Care
ARL,AMERICAN REALTY INVESTORS INC,Real Estate
NXXT,NEXTNRG INC,Energy
SLND,SOUTHLAND HOLDINGS INC,Industrials
MRDN,MERIDIAN HOLDINGS INC,Small Cap
SAFX,XCF GLOBAL INC CLASS A,Energy
VGAS,VERDE CLEAN FUELS INC CLASS A,Energy
TVGN,TEVOGEN BIO HOLDINGS INC,Health Care
ZSPC,ZSPACE,Consumer Discretionary
HSBA.L,HSBC Holdings plc,Financial Services
SHEL.L,Shell plc,Energy
AZN.L,AstraZeneca PLC,Healthcare
RR.L,Rolls-Royce Holdings plc,Industrials
ULVR.L,Unilever PLC,Consumer Defensive
BATS.L,British American Tobacco p.l.c.,Consumer Defensive
BP.L,BP p.l.c.,Energy
GSK.L,GSK plc,Healthcare
GLEN.L,Glencore plc,Basic Materials
LLOY.L,Lloyds Banking Group plc,Financial Services
BARC.L,Barclays PLC,Financial Services
BA.L,BAE Systems plc,Industrials
NG.L,National Grid plc,Utilities
NWG.L,NatWest Group plc,Financial Services
STAN.L,Standard Chartered PLC,Financial Services
REL.L,RELX PLC,Industrials
AAL.L,Anglo American plc,Basic Materials
LSEG.L,London Stock Exchange Group plc,Financial Services
ANTO.L,Antofagasta plc,Basic Materials
DGE.L,Diageo plc,Consumer Defensive
CCEP.L,Coca-Cola Europacific Partners PLC,Consumer Defensive
RKT.L,Reckitt Benckiser Group plc,Consumer Defensive
HLN.L,Haleon plc,Healthcare
SSE.L,SSE plc,Utilities
TSCO.L,Tesco PLC,Consumer Defensive
SIE.DE,Siemens Aktiengesellschaft,Industrials
SAP.DE,SAP SE,Technology
ALV.DE,Allianz SE,Financial Services
DTE.DE,Deutsche Telekom AG,Communication Services
ENR.DE,Siemens Energy AG,Industrials
IFX.DE,Infineon Technologies AG,Technology
MUV2.DE,Münchener Rückversicherungs-Gesellschaft Aktiengesellschaft in München,Financial Services
DHL.DE,DHL AG,Industrials
DBK.DE,Deutsche Bank Aktiengesellschaft,Financial Services
MRK.DE,Merck KGaA,Healthcare
DB1.DE,Deutsche Börse AG,Financial Services
BAYN.DE,Bayer Aktiengesellschaft,Healthcare
RWE.DE,RWE Aktiengesellschaft,Utilities
RHM.DE,Rheinmetall AG,Industrials
CBK.DE,Commerzbank AG,Financial Services
OR.PA,L'Oréal S.A.,Consumer Defensive
MC.PA,"LVMH Moët Hennessy - Louis Vuitton, Société Européenne",Consumer Cyclical
TTE.PA,TotalEnergies SE,Energy
SU.PA,Schneider Electric S.E.,Industrials
AIR.PA,Airbus SE,Industrials
RMS.PA,Hermès International Société en commandite par actions,Consumer Cyclical
SAF.PA,Safran SA,Industrials
BNP.PA,BNP Paribas SA,Financial Services
AI.PA,L'Air Liquide S.A.,Basic Materials
CS.PA,AXA SA,Financial Services
SAN.PA,Sanofi,Healthcare
CDI.PA,Christian Dior SE,Consumer Cyclical
EL.PA,EssilorLuxottica Société anonyme,Healthcare
DG.PA,Vinci SA,Industrials
ENGI.PA,Engie SA,Utilities
ACA.PA,Crédit Agricole S.A.,Financial Services
GLE.PA,Société Générale Société anonyme,Financial Services
HO.PA,Thales S.A.,Industrials
STMPA.PA,STMicroelectronics N.V.,Technology
BN.PA,Danone S.A.,Consumer Defensive
ORA.PA,Orange S.A.,Communication Services
LR.PA,Legrand SA,Industrials
SGO.PA,Compagnie de Saint-Gobain S.A.,Industrials
DSY.PA,Dassault Systèmes SE,Technology
KER.PA,Kering SA,Consumer Cyclical
ASML.AS,ASML Holding N.V.,Technology
INGA.AS,ING Groep N.V.,Financial Services
PRX.AS,Prosus N.V.,Consumer Cyclical
MT.AS,ArcelorMittal S.A.,Basic Materials
ASM.AS,ASM International NV,Technology
HEIA.AS,Heineken N.V.,Consumer Defensive
ABN.AS,ABN AMRO Bank N.V.,Financial Services
AD.AS,Koninklijke Ahold Delhaize N.V.,Consumer Defensive
ADYEN.AS,Adyen N.V.,Technology
UMG.AS,Universal Music Group N.V.,Communication Services
PHIA.AS,Koninklijke Philips N.V.,Healthcare
NN.AS,NN Group N.V.,Financial Services
KPN.AS,Koninklijke KPN N.V.,Communication Services
WKL.AS,Wolters Kluwer N.V.,Industrials
HAL.AS,HAL Trust,Financial Services
BESI.AS,BE Semiconductor Industries N.V.,Technology
ASRNL.AS,ASR Nederland N.V.,Financial Services
EXO.AS,Exor N.V.,Financial Services
AGN.AS,Aegon Ltd.,Financial Services
MICC.AS,The Magnum Ice Cream Company N.V.,Consumer Defensive
AKZA.AS,Akzo Nobel N.V.,Basic Materials
INPST.AS,InPost S.A.,Industrials
CTPNV.AS,CTP N.V.,Real Estate
RAND.AS,Randstad N.V.,Industrials
SBMO.AS,SBM Offshore N.V.,Energy
RO.SW,Roche Holding AG,Healthcare
NOVN.SW,Novartis AG,Healthcare
NESN.SW,Nestlé S.A.,Consumer Defensive
ABBNE.SW,ABB Ltd,Industrials
UBSG.SW,UBS Group AG,Financial Services
CFR.SW,Compagnie Financière Richemont SA,Consumer Cyclical
LISN.SW,Chocoladefabriken Lindt & Sprüngli AG,Consumer Defensive
ZURN.SW,Zurich Insurance Group AG,Financial Services
SREN.SW,Swiss Re AG,Financial Services
LONN.SW,Lonza Group AG,Healthcare
GALD.SW,Galderma Group AG,Healthcare
HOLN.SW,Holcim AG,Basic Materials
SCMN.SW,Swisscom AG,Communication Services
GIVN.SW,Givaudan SA,Basic Materials
SDZ.SW,Sandoz Group AG,Healthcare
SIKA.SW,Sika AG,Basic Materials
SCHP.SW,Schindler Holding AG,Industrials
KNIN.SW,Kuehne + Nagel International AG,Industrials
ALC.SW,Alcon Inc.,Healthcare
SLHN.SW,Swiss Life Holding AG,Financial Services
DSFIR.SW,DSM-Firmenich AG,Basic Materials
HBAN.SW,Helvetia Baloise Holding AG,Financial Services
VACN.SW,VAT Group AG,Industrials
EMSN.SW,EMS-CHEMIE HOLDING AG,Basic Materials
SGSN.SW,SGS SA,Industrials
SAN.MC,"Banco Santander, S.A.",Financial Services
ITX.MC,"Industria de Diseño Textil, S.A.",Consumer Cyclical
BBVA.MC,"Banco Bilbao Vizcaya Argentaria, S.A.",Financial Services
IBE.MC,"Iberdrola, S.A.",Utilities
CABK.MC,"CaixaBank, S.A.",Financial Services
ELE.MC,"Endesa, S.A.",Utilities
AENA.MC,"Aena S.M.E., S.A.",Industrials
REP.MC,"Repsol, S.A.",Energy
NTGY.MC,"Naturgy Energy Group, S.A.",Utilities
ACS.MC,"ACS, Actividades de Construcción y Servicios, S.A.",Industrials
AMS.MC,"Amadeus IT Group, S.A.",Technology
TEF.MC,"Telefónica, S.A.",Communication Services
SAB.MC,"Banco de Sabadell, S.A.",Financial Services
CLNX.MC,"Cellnex Telecom, S.A.",Real Estate
BKT.MC,"Bankinter, S.A.",Financial Services
MAP.MC,"Mapfre, S.A.",Financial Services
ANA.MC,"Acciona, S.A.",Industrials
IDR.MC,"Indra Sistemas, S.A.",Technology
PUIG.MC,"Puig Brands, S.A.",Consumer Defensive
UNI.MC,"Unicaja Banco, S.A.",Financial Services
RED.MC,"Redeia Corporación, S.A.",Utilities
MRL.MC,"MERLIN Properties SOCIMI, S.A.",Real Estate
ANE.MC,"Corporación Acciona Energías Renovables, S.A.",Utilities
GRF.MC,"Grifols, S.A.",Healthcare
LOG.MC,"Logista Integral, S.A.",Industrials
UCG.MI,UniCredit S.p.A.,Financial Services
ISP.MI,Intesa Sanpaolo S.p.A.,Financial Services
ENEL.MI,Enel SpA,Utilities
ENI.MI,Eni S.p.A.,Energy
G.MI,Assicurazioni Generali S.p.A.,Financial Services
RACE.MI,Ferrari N.V.,Consumer Cyclical
PRY.MI,Prysmian S.p.A.,Industrials
BMPS.MI,Banca Monte dei Paschi di Siena S.p.A.,Financial Services
PST.MI,Poste Italiane S.p.A.,Industrials
BPE.MI,BPER Banca SpA,Financial Services
LDO.MI,Leonardo S.p.a.,Industrials
BAMI.MI,Banco BPM S.p.A.,Financial Services
TEN.MI,Tenaris S.A.,Energy
MB.MI,Mediobanca Banca di Credito Finanziario S.p.A.,Financial Services
UNI.MI,Unipol Assicurazioni S.p.A.,Financial Services
TPRO.MI,Technoprobe S.p.A.,Technology
SRG.MI,Snam S.p.A.,Utilities
TRN.MI,Terna S.p.A.,Utilities
BMED.MI,Banca Mediolanum S.p.A.,Financial Services
TIT.MI,Telecom Italia S.p.A.,Communication Services
FBK.MI,FinecoBank Banca Fineco S.p.A.,Financial Services
MONC.MI,Moncler S.p.A.,Consumer Cyclical
STLAM.MI,Stellantis N.V.,Consumer Cyclical
REC.MI,Recordati Industria Chimica e Farmaceutica S.p.A.,Healthcare
IG.MI,Italgas S.p.A.,Utilities
INVE-B.ST,Investor AB (publ),Financial Services
ATCO-A.ST,Atlas Copco AB (publ),Industrials
VOLV-A.ST,AB Volvo (publ),Industrials
SHB-B.ST,Svenska Handelsbanken AB (publ),Financial Services
SAND.ST,Sandvik AB (publ),Industrials
SWED-A.ST,Swedbank AB (publ),Financial Services
SEB-A.ST,Skandinaviska Enskilda Banken AB (publ),Financial Services
ASSA-B.ST,ASSA ABLOY AB (publ),Industrials
EQT.ST,EQT AB (publ),Financial Services
SAAB-B.ST,Saab AB (publ),Industrials
EPI-A.ST,Epiroc AB (publ),Industrials
ERIC-B.ST,Telefonaktiebolaget LM Ericsson (publ),Technology
HEXA-B.ST,Hexagon AB (publ),Technology
HM-B.ST,H & M Hennes & Mauritz AB (publ),Consumer Cyclical
INDU-A.ST,AB Industrivärden (publ),Financial Services
ALFA.ST,Alfa Laval AB (publ),Industrials
TELIA.ST,Telia Company AB (publ),Communication Services
ESSITY-B.ST,Essity AB (publ),Consumer Defensive
SOBI.ST,Swedish Orphan Biovitrum AB (publ),Healthcare
EVO.ST,Evolution AB (publ),Consumer Cyclical
BOL.ST,Boliden AB (publ),Basic Materials
LUND-B.ST,L E Lundbergföretagen AB (publ),Industrials
LIFCO-B.ST,Lifco AB (publ),Industrials
LATO-B.ST,Investment AB Latour (publ),Industrials
SKF-B.ST,AB SKF (publ),Industrials
NOVO-B.CO,Novo Nordisk A/S,Healthcare
MAERSK-B.CO,A.P. Møller - Mærsk A/S,Industrials
DANSKE.CO,Danske Bank A/S,Financial Services
DSV.CO,DSV A/S,Industrials
NSIS-B.CO,Novozymes A/S,Basic Materials
VWS.CO,Vestas Wind Systems A/S,Industrials
ORSTED.CO,Ørsted A/S,Utilities
GMAB.CO,Genmab A/S,Healthcare
CARL-B.CO,Carlsberg A/S,Consumer Defensive
COLO-B.CO,Coloplast A/S,Healthcare
TRYG.CO,Tryg A/S,Financial Services
DEMANT.CO,Demant A/S,Healthcare
PNDORA.CO,Pandora A/S,Consumer Cyclical
JYSK.CO,Jyske Bank A/S,Financial Services
ALSYDB.CO,AL Sydbank A/S,Financial Services
NKT.CO,NKT A/S,Industrials
ISS.CO,ISS A/S,Industrials
HLUN-B.CO,H. Lundbeck A/S,Healthcare
ALK-B.CO,ALK-Abelló A/S,Healthcare
RILBA.CO,Ringkjøbing Landbobank A/S,Financial Services
ROCK-B.CO,Rockwool A/S,Industrials
FLS.CO,FLSmidth & Co. A/S,Industrials
ALMB.CO,Alm. Brand A/S,Financial Services
RBREW.CO,Royal Unibrew A/S,Consumer Defensive
ZEAL.CO,Zealand Pharma A/S,Healthcare
8306.T,"Mitsubishi UFJ Financial Group, Inc.",Financial Services
7203.T,Toyota Motor Corporation,Consumer Cyclical
9984.T,SoftBank Group Corp.,Communication Services
285A.T,Kioxia Holdings Corporation,Technology
8316.T,"Sumitomo Mitsui Financial Group, Inc.",Financial Services
8035.T,Tokyo Electron Limited,Technology
6501.T,"Hitachi, Ltd.",Industrials
6857.T,Advantest Corporation,Technology
6098.T,"Recruit Holdings Co., Ltd.",Communication Services
6758.T,Sony Group Corporation,Technology
9983.T,"Fast Retailing Co., Ltd.",Consumer Cyclical
8411.T,"Mizuho Financial Group, Inc.",Financial Services
6861.T,Keyence Corporation,Technology
8058.T,Mitsubishi Corporation,Industrials
8001.T,ITOCHU Corporation,Industrials
8766.T,"Tokio Marine Holdings, Inc.",Financial Services
6981.T,"Murata Manufacturing Co., Ltd.",Technology
8031.T,"Mitsui & Co., Ltd.",Industrials
9432.T,"NTT, Inc.",Communication Services
7011.T,"Mitsubishi Heavy Industries, Ltd.",Industrials
2914.T,Japan Tobacco Inc.,Consumer Defensive
7182.T,"JAPAN POST BANK Co., Ltd.",Financial Services
9433.T,KDDI Corporation,Communication Services
4519.T,"Chugai Pharmaceutical Co., Ltd.",Healthcare
6503.T,Mitsubishi Electric Corporation,Industrials
0700.HK,Tencent Holdings Limited,Communication Services
1398.HK,Industrial and Commercial Bank of China Limited,Financial Services
0939.HK,China Construction Bank Corporation,Financial Services
1288.HK,Agricultural Bank of China Limited,Financial Services
3750.HK,"Contemporary Amperex Technology Co., Limited",Industrials
9988.HK,Alibaba Group Holding Limited,Consumer Cyclical
3988.HK,Bank of China Limited,Financial Services
0857.HK,PetroChina Company Limited,Energy
0941.HK,China Mobile Limited,Communication Services
3308.HK,"Zhongji Innolight Co., Ltd.",Technology
3968.HK,"China Merchants Bank Co., Ltd.",Financial Services
0883.HK,CNOOC Limited,Energy
2318.HK,"Ping An Insurance (Group) Company of China, Ltd.",Financial Services
1088.HK,China Shenhua Energy Company Limited,Energy
2899.HK,Zijin Mining Group Company Limited,Basic Materials
2628.HK,China Life Insurance Company Limited,Financial Services
1299.HK,AIA Group Limited,Financial Services
0300.HK,"Midea Group Co., Ltd.",Consumer Cyclical
3328.HK,"Bank of Communications Co., Ltd.",Financial Services
1211.HK,BYD Company Limited,Consumer Cyclical
1810.HK,Xiaomi Corporation,Technology
1658.HK,"Postal Savings Bank of China Co., Ltd.",Financial Services
2359.HK,"WuXi AppTec Co., Ltd.",Healthcare
9999.HK,"NetEase, Inc.",Communication Services
0981.HK,Semiconductor Manufacturing International Corporation,Technology
RELIANCE.NS,Reliance Industries Limited,Energy
HDFCBANK.NS,HDFC Bank Limited,Financial Services
BHARTIARTL.NS,Bharti Airtel Limited,Communication Services
ICICIBANK.NS,ICICI Bank Limited,Financial Services
SBIN.NS,State Bank of India,Financial Services
TCS.NS,Tata Consultancy Services Limited,Technology
BAJFINANCE.NS,Bajaj Finance Limited,Financial Services
LT.NS,Larsen & Toubro Limited,Industrials
HINDUNILVR.NS,Hindustan Unilever Limited,Consumer Defensive
SUNPHARMA.NS,Sun Pharmaceutical Industries Limited,Healthcare
TITAN.NS,Titan Company Limited,Consumer Cyclical
ADANIPORTS.NS,Adani Ports and Special Economic Zone Limited,Industrials
INFY.NS,Infosys Limited,Technology
KOTAKBANK.NS,Kotak Mahindra Bank Limited,Financial Services
ADANIENT.NS,Adani Enterprises Limited,Energy
ADANIPOWER.NS,Adani Power Limited,Utilities
AXISBANK.NS,Axis Bank Limited,Financial Services
MARUTI.NS,Maruti Suzuki India Limited,Consumer Cyclical
M&M.NS,Mahindra & Mahindra Limited,Consumer Cyclical
HCLTECH.NS,HCL Technologies Limited,Technology
ITC.NS,ITC Limited,Consumer Defensive
ULTRACEMCO.NS,UltraTech Cement Limited,Basic Materials
HAL.NS,Hindustan Aeronautics Limited,Industrials
NTPC.NS,NTPC Limited,Utilities
JSWSTEEL.NS,JSW Steel Limited,Basic Materials
005930.KS,"Samsung Electronics Co., Ltd.",Technology
000660.KS,SK hynix Inc.,Technology
402340.KS,"SK Square Co., Ltd.",Technology
009150.KS,"Samsung Electro-Mechanics Co., Ltd.",Technology
005380.KS,Hyundai Motor Company,Consumer Cyclical
373220.KS,"LG Energy Solution, Ltd.",Industrials
207940.KS,"Samsung Biologics Co.,Ltd.",Healthcare
105560.KS,KB Financial Group Inc.,Financial Services
028260.KS,Samsung C&T Corporation,Industrials
032830.KS,"Samsung Life Insurance Co., Ltd.",Financial Services
012450.KS,"Hanwha Aerospace Co., Ltd.",Industrials
034020.KS,"Doosan Enerbility Co., Ltd.",Industrials
055550.KS,"Shinhan Financial Group Co., Ltd.",Financial Services
329180.KS,"HD Hyundai Heavy Industries Co., Ltd.",Industrials
000270.KS,Kia Corporation,Consumer Cyclical
006400.KS,"Samsung SDI Co., Ltd.",Industrials
068270.KS,"Celltrion, Inc.",Healthcare
066570.KS,LG Electronics Inc.,Technology
086790.KS,Hana Financial Group Inc.,Financial Services
034730.KS,SK Inc.,Industrials
012330.KS,"Hyundai Mobis Co.,Ltd",Consumer Cyclical
010120.KS,"LS ELECTRIC Co., Ltd.",Industrials
035420.KS,NAVER Corporation,Communication Services
000810.KS,"Samsung Fire & Marine Insurance Co., Ltd.",Financial Services
298040.KS,Hyosung Heavy Industries Corporation,Industrials
2330.TW,Taiwan Semiconductor Manufacturing Company Limited,Technology
2454.TW,MediaTek Inc.,Technology
2308.TW,"Delta Electronics, Inc.",Technology
3711.TW,"ASE Technology Holding Co., Ltd.",Technology
2317.TW,"Hon Hai Precision Industry Co., Ltd.",Technology
2881.TW,"Fubon Financial Holding Co., Ltd.",Financial Services
3037.TW,Unimicron Technology Corp.,Technology
2303.TW,United Microelectronics Corporation,Technology
1303.TW,Nan Ya Plastics Corporation,Basic Materials
2383.TW,"Elite Material Co., Ltd.",Technology
2882.TW,"Cathay Financial Holding Co., Ltd.",Financial Services
2408.TW,Nanya Technology Corporation,Technology
3017.TW,"Asia Vital Components Co., Ltd.",Technology
2382.TW,Quanta Computer Inc.,Technology
2891.TW,"CTBC Financial Holding Co., Ltd.",Financial Services
2327.TW,Yageo Corporation,Technology
2059.TW,"King Slide Works Co., Ltd.",Consumer Cyclical
6669.TW,Wiwynn Corporation,Technology
3443.TW,Global Unichip Corp.,Technology
2412.TW,"Chunghwa Telecom Co., Ltd.",Communication Services
2887.TW,"TS Financial Holding Co., Ltd.",Financial Services
2345.TW,Accton Technology Corporation,Technology
7769.TW,"Hon. Precision, Inc.",Technology
3653.TW,"Jentech Precision Industrial Co., Ltd",Technology
2360.TW,Chroma ATE Inc.,Technology
D05.SI,DBS Group Holdings Ltd,Financial Services
O39.SI,Oversea-Chinese Banking Corporation Limited,Financial Services
U11.SI,United Overseas Bank Limited,Financial Services
Z74.SI,Singapore Telecommunications Limited,Communication Services
S63.SI,Singapore Technologies Engineering Ltd,Industrials
S68.SI,Singapore Exchange Limited,Financial Services
F34.SI,Wilmar International Limited,Consumer Defensive
C6L.SI,Singapore Airlines Limited,Industrials
BS6.SI,Yangzijiang Shipbuilding (Holdings) Ltd.,Industrials
BN4.SI,Keppel Ltd.,Industrials
G07.SI,Great Eastern Holdings Limited,Financial Services
H78.SI,Hongkong Land Holdings Limited,Real Estate
C38U.SI,CapitaLand Integrated Commercial Trust,Real Estate
J36.SI,Jardine Matheson Holdings Limited,Industrials
9CI.SI,CapitaLand Investment Limited,Real Estate
A17U.SI,CapitaLand Ascendas REIT,Real Estate
C07.SI,Jardine Cycle & Carriage Limited,Industrials
U96.SI,Sembcorp Industries Ltd,Utilities
G13.SI,Genting Singapore Limited,Consumer Cyclical
C09.SI,City Developments Limited,Real Estate
U14.SI,UOL Group Limited,Real Estate
EB5.SI,First Resources Limited,Consumer Defensive
5E2.SI,Seatrium Limited,Energy
N2IU.SI,Mapletree Pan Asia Commercial Trust,Real Estate
AJBU.SI,Keppel DC REIT,Real Estate
RY.TO,Royal Bank of Canada,Financial Services
TD.TO,The Toronto-Dominion Bank,Financial Services
SHOP.TO,Shopify Inc.,Technology
BMO.TO,Bank of Montreal,Financial Services
BNS.TO,The Bank of Nova Scotia,Financial Services
ENB.TO,Enbridge Inc.,Energy
CM.TO,Canadian Imperial Bank of Commerce,Financial Services
AEM.TO,Agnico Eagle Mines Limited,Basic Materials
CNQ.TO,Canadian Natural Resources Limited,Energy
BN.TO,Brookfield Corporation,Financial Services
SU.TO,Suncor Energy Inc.,Energy
CP.TO,Canadian Pacific Kansas City Limited,Industrials
CNR.TO,Canadian National Railway Company,Industrials
MFC.TO,Manulife Financial Corporation,Financial Services
ABX.TO,Barrick Mining Corporation,Basic Materials
WPM.TO,Wheaton Precious Metals Corp.,Basic Materials
TRP.TO,TC Energy Corporation,Energy
IMO.TO,Imperial Oil Limited,Energy
GWO.TO,Great-West Lifeco Inc.,Financial Services
NA.TO,National Bank of Canada,Financial Services
CVE.TO,Cenovus Energy Inc.,Energy
L.TO,Loblaw Companies Limited,Consumer Defensive
ATD.TO,Alimentation Couche-Tard Inc.,Consumer Cyclical
FNV.TO,Franco-Nevada Corporation,Basic Materials
CLS.TO,Celestica Inc.,Technology
PETR3.SA,Petróleo Brasileiro S.A. - Petrobras,Energy
ITUB3.SA,Itaú Unibanco Holding S.A.,Financial Services
VALE3.SA,Vale S.A.,Basic Materials
ABEV3.SA,Ambev S.A.,Consumer Defensive
WEGE3.SA,WEG S.A.,Industrials
BPAC11.SA,Banco BTG Pactual S.A.,Financial Services
BBDC4.SA,Banco Bradesco S.A.,Financial Services
ITSA4.SA,Itaúsa S.A.,Industrials
SANB11.SA,Banco Santander (Brasil) S.A.,Financial Services
KLBN11.SA,Klabin S.A.,Basic Materials
AXIA3.SA,AXIA Energia SA,Utilities
BBAS3.SA,Banco do Brasil S.A.,Financial Services
VIVT3.SA,Telefônica Brasil S.A.,Communication Services
SBSP3.SA,Companhia de Saneamento Básico do Estado de São Paulo - SABESP,Utilities
B3SA3.SA,"B3 S.A. - Brasil, Bolsa, Balcão",Financial Services
RDOR3.SA,Rede D'Or São Luiz S.A.,Healthcare
BBSE3.SA,BB Seguridade Participações S.A.,Financial Services
EMBJ3.SA,Embraer S.A.,Industrials
CXSE3.SA,Caixa Seguridade Participações S.A.,Financial Services
SUZB3.SA,Suzano S.A.,Basic Materials
ENEV3.SA,Eneva S.A.,Utilities
CPFE3.SA,CPFL Energia S.A.,Utilities
EQTL3.SA,Equatorial S.A.,Utilities
GGBR4.SA,Gerdau S.A.,Basic Materials
PRIO3.SA,Prio S.A.,Energy
BF-A,BROWN FORMAN CORP CLASS A,Consumer Staples
BF-B,BROWN FORMAN CORP CLASS B,Consumer Staples
BRK-B,BERKSHIRE HATHAWAY INC CLASS B,Financials
CRD-A,CRAWFORD CLASS A,Financials
GEF-B,GREIF INC CLASS B,Materials
HEI-A,HEICO CORP CLASS A,Industrials
LEN-B,LENNAR CORP CLASS B,Consumer Discretionary
MOG-A,MOOG INC CLASS A,Industrials
UHAL-B,U HAUL NON VOTING SERIES N,Industrials
